prim_key,hand_assign_final,hand_assign_AWCS,certainty_mj,certainty_dz,mismatched,certainty_mismatch,hand_assign_mj,hand_assign_dz,
10017494:1,23101100,23101100,3,3,0,NA,23101100,23101100,TRUE
10018010:1,43403102,43403102,2,2,1,1,43906100,43403102,TRUE
10027497:1,29107100,29107100,3,3,0,NA,29107100,29107100,TRUE
10027508:1,25309900,25309900,3,3,0,NA,25203100,25202200,TRUE
10027509:1,43403102,43403102,2,3,1,3,43906100,43403102,TRUE
10027514:1,41902200,41902200,3,3,1,2,41902200,41902100,TRUE
10027517:1,11102100,11102100,3,2,0,NA,11102100,11102100,TRUE
10027518:1,25904100,25904100,3,3,1,2,25904100,25205200,TRUE
10027520:1,29202100,29202100,3,3,0,NA,29202100,29202100,TRUE
10027524:1,27101400,27101400,2,3,0,NA,27101400,27101400,TRUE
10027525:1,13119900,15115100,2,2,0,NA,15115100,15115100,FALSE
10047535:1,51601100,51601100,3,3,0,NA,51601100,51601100,TRUE
10047541:1,43406100,43414100,1,1,1,1,43414100,43906100,FALSE
10047545:1,29105100,29105100,3,3,0,NA,29105100,29105100,TRUE
10047549:1,43506100,43506100,1,2,1,1,43506100,43305100,TRUE
10047551:1,51606100,51606100,2,1,1,1,51602100,51919900,TRUE
11027560:1,39902100,39902100,3,3,1,3,39902100,31101100,TRUE
11044006:1,29202100,29202100,3,3,0,NA,29202100,29202100,TRUE
11044010:1,11903300,11903300,3,2,0,NA,11903300,11903300,TRUE
11044028:1,11902100,11902100,1,1,1,1,11919900,15119909,TRUE
11044034:1,27402100,27402100,3,3,0,NA,27402100,27402100,TRUE
11044037:1,13104104,13103102,3,2,0,NA,13103102,13103102,FALSE
11044054:1,25205400,25203100,3,3,0,NA,25203100,25203100,FALSE
11044068:1,43505100,43505100,3,2,0,NA,43505100,43505100,TRUE
11044072:1,23201100,43601200,3,2,0,NA,43601200,43601200,FALSE
11044076:1,25202200,25202200,2,2,1,2,25203100,25202200,TRUE
11044093:1,25202200,25202200,2,3,1,2,25203100,25202200,TRUE
11044103:1,13209904,13209904,3,3,1,3,13201101,13209904,TRUE
11044118:1,29106200,29106200,2,3,0,NA,29106200,29106200,TRUE
11044147:1,11101100,11101100,1,1,1,1,11101100,11102100,TRUE
11044150:1,43303100,43303100,3,3,0,NA,43303100,43303100,TRUE
11044152:1,21109400,21109400,3,2,1,3,25904100,21109400,TRUE
11044154:1,39701100,35301100,3,3,0,NA,35301100,35301100,FALSE
11044157:1,47206100,47206100,3,2,0,NA,47206100,47206100,TRUE
11044163:1,11311100,11311100,2,3,1,3,13114100,11311100,TRUE
11044174:1,41201100,41201100,3,3,0,NA,41201100,41201100,TRUE
11044183:1,25202100,51101100,2,2,0,NA,51101100,51101100,FALSE
11044184:1,43502100,43502100,3,3,0,NA,43502100,43502100,TRUE
11044187:1,29205300,29205300,2,3,0,NA,29205300,29205300,TRUE
11044199:1,41401200,41401200,1,2,0,NA,41401200,41401200,TRUE
11044201:1,55201300,43601300,2,2,0,NA,43601300,43601300,FALSE
11044204:1,35201100,35201100,2,2,0,NA,35201100,35201100,TRUE
11044224:1,21109400,39902100,3,2,1,2,39902100,29103100,FALSE
11044226:1,43601300,43601300,3,3,1,2,43601400,43601300,TRUE
11044228:1,33302105,33302105,2,3,0,NA,33302105,33302105,TRUE
11044230:1,21101400,21101400,1,1,1,1,43906100,29207100,TRUE
11044238:1,11911100,21109400,1,1,1,1,21102200,21109400,FALSE
11044240:1,11301100,11301100,1,2,0,NA,11301100,11301100,TRUE
11044243:1,51202200,51202200,2,2,0,NA,51202200,51202200,TRUE
11044247:1,47101100,47101100,1,3,1,3,11305100,47101100,TRUE
11044252:1,11313100,11313100,3,3,0,NA,11313100,11313100,TRUE
11044256:1,23101100,23101100,3,3,0,NA,23101100,23101100,TRUE
11044296:1,19302200,19302200,1,3,0,NA,19302200,19302200,TRUE
11044301:1,31909100,43904101,3,2,1,2,43405100,43904102,FALSE
11044305:1,41901100,41901100,3,1,1,3,41901100,41203100,TRUE
11044314:1,43503200,43503200,1,2,1,1,49209800,43503200,TRUE
11044319:1,11101100,11101100,2,1,1,2,19406100,19102100,TRUE
11044328:1,43405100,43405100,3,2,0,NA,43405100,43405100,TRUE
11044335:1,43303100,13201101,2,2,1,2,13201101,43305100,FALSE
11044339:1,43601100,43601100,3,3,0,NA,43601100,43601100,TRUE
11044340:1,43405100,43405100,3,2,0,NA,43405100,43405100,TRUE
11044344:1,35303100,35303100,3,3,0,NA,35303100,35303100,TRUE
11044350:1,41203100,41203100,3,2,1,3,41203100,43508101,TRUE
11044358:1,41101200,41101200,1,2,1,1,41101200,11303102,TRUE
11044362:1,53303200,53303200,2,2,0,NA,53303200,53303200,TRUE
11044391:1,41901100,41901100,1,2,1,2,43508101,53303100,TRUE
11044425:1,39902100,39902100,3,3,0,NA,39902100,39902100,TRUE
11044428:1,33301200,33301200,2,3,0,NA,33301200,33301200,TRUE
11044463:1,43507100,43507100,3,3,1,2,43507100,53102100,TRUE
11044465:1,43904101,43417100,1,2,1,2,43904102,43417100,FALSE
11044466:1,11915100,11915100,1,1,1,1,43906100,11915100,TRUE
11044482:1,43302102,43302102,3,2,0,NA,43302102,43302102,TRUE
11044501:1,37201200,37201200,3,2,0,NA,37201200,37201200,TRUE
11044509:1,33903200,33903200,3,3,0,NA,33903200,33903200,TRUE
11044515:1,27303100,27303100,2,3,1,2,27303100,13116100,TRUE
11044524:1,35301100,35304100,3,2,1,2,35303100,35304100,FALSE
11044555:1,53103100,53103100,3,3,0,NA,53103100,53103100,TRUE
11044601:1,43601200,43601200,3,3,0,NA,43601200,43601200,TRUE
11044665:1,49902101,49902101,3,3,0,NA,49902101,49902101,TRUE
11044737:1,43101100,43101100,2,3,1,2,11102100,43101100,TRUE
11044776:1,43307100,43307100,3,3,0,NA,43307100,43307100,TRUE
11044786:1,21102100,21102100,3,3,0,NA,21102100,21102100,TRUE
11044792:1,27102400,27102400,3,2,0,NA,27102400,27102400,TRUE
11044794:1,41203100,41203100,3,2,0,NA,41203100,41203100,TRUE
11044798:1,29114100,29114100,2,3,1,3,29114100,29206100,TRUE
11044807:1,25309902,25309902,3,3,1,3,25309902,25904100,TRUE
11044812:1,33909100,33909100,3,3,0,NA,33909100,33909100,TRUE
11044814:1,43601400,43601400,3,2,0,NA,43601400,43601400,TRUE
11044817:1,43405100,43405100,3,3,0,NA,43405100,43405100,TRUE
11044820:1,33902100,41101100,2,2,1,3,11919900,11919908,FALSE
11044824:1,51919800,51919800,1,2,1,1,51919800,49909800,TRUE
11044832:1,41101100,41203100,3,1,0,NA,41203100,41203100,FALSE
11044913:1,43309900,41203100,2,2,0,NA,41203100,41203100,FALSE
11054002:1,35302100,35302100,1,2,1,2,35302100,35304100,TRUE
11054015:1,25112300,25112300,3,3,0,NA,25112300,25112300,TRUE
11054072:1,25202200,25202200,2,2,1,2,25203100,25202200,TRUE
11054117:1,11902100,13103102,3,2,1,3,15113200,15119909,FALSE
11054134:1,21101200,21101200,3,3,0,NA,21101200,21101200,TRUE
11054168:1,29105100,29105100,3,3,0,NA,29105100,29105100,TRUE
11054169:1,39309900,43906100,2,3,1,1,43906100,11303101,FALSE
11054176:1,41902100,41902100,2,3,0,NA,41902100,41902100,TRUE
11054179:1,21202100,21202100,3,2,0,NA,21202100,21202100,TRUE
11054184:1,29113100,29113100,3,2,0,NA,29113100,29113100,TRUE
11054197:1,43904101,13103101,2,3,0,NA,13103101,13103101,FALSE
11054221:1,43403102,43601400,3,3,0,NA,43601400,43601400,FALSE
11054227:1,25202200,25202200,1,2,1,2,25904100,25202200,TRUE
11054249:1,11915100,11915100,1,2,1,1,21102900,11915100,TRUE
11054256:1,51411100,51403400,2,3,0,NA,51403400,51403400,FALSE
11054261:1,13202101,13202101,3,3,0,NA,13202101,13202101,TRUE
11054268:1,13107100,13107100,3,2,1,3,13107100,43416100,TRUE
11054273:1,13103102,13103102,3,3,0,NA,13103102,13103102,TRUE
11054275:1,35201100,35201100,2,3,1,2,35201100,35302100,FALSE
11064019:1,43405100,43405100,3,2,1,2,43405100,17302301,TRUE
11064042:1,43101100,NA,1,2,1,NA,43503200,49202200,FALSE
11064061:1,35302100,35302100,3,3,1,3,35302100,35202100,TRUE
11064078:1,53303300,53303300,3,3,0,NA,53303300,53303300,TRUE
11064095:1,51911100,51911100,1,3,1,3,43508103,51911100,TRUE
11064103:1,31909200,31909200,3,2,0,NA,31909200,31909200,TRUE
11064122:1,27309100,27309100,3,3,0,NA,27309100,27309100,TRUE
11064128:1,33903200,33903200,3,3,0,NA,33903200,33903200,TRUE
11064130:1,27201201,27201201,3,2,0,NA,27201201,27201201,TRUE
11064131:1,21102300,21102200,3,2,1,2,21102300,21102200,FALSE
11064141:1,19409901,19409901,3,2,1,2,19403100,29201100,TRUE
11064159:1,11102100,27303100,1,3,1,1,27303100,15113400,FALSE
11064240:1,25309900,25309900,3,3,0,NA,25202100,25202200,TRUE
11064276:1,11303102,13207200,2,3,1,2,13207200,11303101,FALSE
11064293:1,23101100,23101100,3,3,0,NA,23101100,23101100,TRUE
11064294:1,43508103,43508103,1,2,0,NA,43508103,43508103,TRUE
11064307:1,43405100,43405100,3,3,0,NA,43405100,43405100,TRUE
11064309:1,41101100,41101100,3,3,1,2,11202200,41101100,TRUE
11064314:1,31101100,31101100,1,2,1,2,31101100,39902100,TRUE
11064315:1,43307100,43307100,1,2,1,1,43307100,43302101,TRUE
11064317:1,25205200,25205200,2,3,1,2,25205400,25205200,TRUE
11064320:1,11905100,11905100,1,3,1,1,35101200,11905100,TRUE
11064325:1,53303200,53303200,3,3,0,NA,53303200,53303200,TRUE
11064329:1,11305100,11305100,2,2,1,1,11305100,47101100,TRUE
11064332:1,53303300,53303300,3,3,0,NA,53303300,53303300,TRUE
11064338:1,37202100,37202100,3,3,0,NA,37202100,37202100,TRUE
11064357:1,17302900,13108100,1,2,1,1,17302902,53604100,FALSE
11064370:1,43406100,43406100,1,3,1,1,43419900,43403103,TRUE
11064374:1,43303100,43303100,1,2,1,1,43303100,11915100,TRUE
11064377:1,53602100,53602100,3,3,1,1,53602100,39303100,TRUE
11064388:1,27401200,27401200,2,2,1,1,15114200,15115200,TRUE
11064391:1,49302302,49302302,3,3,1,3,49302302,49209200,TRUE
11064397:1,13201101,13201101,1,2,0,NA,13201101,13201101,TRUE
11064463:1,41101100,41101100,2,3,0,NA,41101100,41101100,TRUE
11064479:1,43303100,43303100,2,3,0,NA,43303100,43303100,TRUE
11064483:1,21102100,21102100,3,1,1,1,21102100,23209900,TRUE
11064488:1,35303100,35301100,3,2,0,NA,35301100,35301100,FALSE
11064518:1,43101100,43405100,1,2,1,1,43101100,43405100,FALSE
11064526:1,13201101,43303100,3,3,0,NA,43303100,43303100,FALSE
11064530:1,39509100,39509100,3,3,1,3,53304100,39509100,TRUE
11064550:1,27309100,27309100,3,3,0,NA,27309100,27309100,TRUE
11064556:1,47214100,47214100,3,2,0,NA,47214100,47214100,TRUE
11064557:1,31101400,31101400,3,2,1,3,31101400,31101100,TRUE
11064584:1,43405100,43405100,3,3,0,NA,43405100,43405100,TRUE
11064594:1,39102101,39102101,3,3,0,NA,39102101,39102101,TRUE
11064598:1,53302100,53302100,2,2,1,3,53302100,53303300,TRUE
11064601:1,49907100,49907100,3,3,1,2,49907100,37301100,TRUE
11064603:1,43906100,43906100,3,3,0,NA,43906100,43906100,TRUE
11074014:1,43601400,43601400,3,3,1,3,43906100,43601400,TRUE
11074017:1,11102100,11102100,2,NA,1,1,11303102,NA,TRUE
11074020:1,13103102,13103102,3,3,0,NA,13103102,13103102,TRUE
11074026:1,53201200,53201200,3,2,0,NA,53201200,53201200,TRUE
11074055:1,39901100,39901100,3,2,1,3,25909900,39901100,TRUE
11074070:1,29201100,29201100,3,3,0,NA,29201100,29201100,TRUE
11074092:1,21102100,21102100,3,3,0,NA,21102100,21102100,TRUE
11074113:1,47215201,47206100,2,3,1,2,47206100,53708100,FALSE
11074125:1,35303100,35303100,2,3,0,NA,35303100,35303100,TRUE
11074134:1,49304200,49304200,2,2,1,2,49304200,49302301,TRUE
11074136:1,53706200,53705100,3,3,0,NA,53705100,53705100,FALSE
11074166:1,43601400,43601400,3,2,0,NA,43601400,43601400,TRUE
11074181:1,45209100,45209100,2,2,1,2,47206100,51404100,TRUE
11074189:1,35202100,35202100,3,3,0,NA,35202100,35202100,TRUE
11074222:1,13107500,13107500,3,2,0,NA,13107500,13107500,TRUE
11074261:1,43405100,53302200,2,3,1,3,41201100,53302200,FALSE
11074266:1,25301100,25301100,3,3,0,NA,25301100,25301100,TRUE
11074267:1,53303300,53303300,2,2,1,2,53303100,53303300,TRUE
11074280:1,21101400,21101400,3,3,0,NA,21101400,21101400,TRUE
11074287:1,31101100,31101100,2,2,0,NA,31101100,31101100,TRUE
11074297:1,43101100,43601400,3,3,0,NA,43601400,43601400,FALSE
11074301:1,13201101,13201101,3,3,0,NA,13201101,13201101,TRUE
11074316:1,43601300,43601300,3,3,1,2,43601300,43601400,TRUE
11074317:1,27102600,27102600,3,2,0,NA,27102600,27102600,TRUE
11074323:1,27101100,27101100,2,3,1,1,27101100,15119909,TRUE
11074335:1,11919907,33903200,2,2,1,2,33903200,11919907,FALSE
11074369:1,39902100,39902100,3,3,0,NA,39902100,39902100,TRUE
11074380:1,29114100,29114100,3,3,0,NA,29114100,29114100,TRUE
11074394:1,25205300,25904100,3,3,0,NA,25904100,25904100,FALSE
11074406:1,25904100,25904100,3,3,0,NA,25904100,25904100,TRUE
11074410:1,43903100,43903100,2,2,1,2,43903100,43405100,TRUE
11074412:1,13107100,13107100,3,3,0,NA,13107100,13107100,TRUE
11074421:1,13119900,13119900,1,2,1,1,13119900,17303101,TRUE
11074425:1,37301100,37301100,2,3,0,NA,37301100,37301100,TRUE
11074434:1,11101100,11101100,3,3,1,3,11101100,11302100,TRUE
11074435:1,29117100,29117100,3,3,0,NA,29117100,29117100,TRUE
11074439:1,43305100,43305100,2,3,1,3,43305100,11303101,TRUE
11074468:1,21102300,21102200,3,2,1,2,21102100,21102200,FALSE
11074489:1,29114100,29114100,3,3,0,NA,29114100,29114100,TRUE
11074520:1,51919800,51919800,1,1,1,1,51919900,51919800,TRUE
11074523:1,43906100,43906100,1,2,1,1,43906100,11915100,TRUE
11074534:1,35302200,35302200,1,2,1,1,35302200,41101100,TRUE
11074557:1,29209907,35202100,2,2,0,NA,35202100,35202100,FALSE
11074615:1,11914100,11914100,1,1,0,NA,11914100,11914100,TRUE
11074624:1,25202200,25202200,2,2,1,2,25202200,25202100,TRUE
11074684:1,11915100,11915100,1,2,1,1,11915100,21109300,TRUE
11074687:1,13104107,13104107,2,3,1,1,11919902,13104107,TRUE
11074700:1,25202200,25202200,2,3,0,NA,25202200,25202200,TRUE
11084005:1,49209400,49209400,2,3,1,1,17302301,49209400,TRUE
11084016:1,21102300,21102300,3,3,1,2,21101400,19303103,TRUE
11084067:1,43405100,43405100,2,3,0,NA,43405100,43405100,TRUE
11084069:1,43601100,43601200,3,2,1,2,43601100,43601200,FALSE
11084089:1,39309900,13112100,1,2,0,NA,13112100,13112100,FALSE
11084105:1,31909200,31101100,1,2,0,NA,31101100,31101100,FALSE
11084127:1,25402100,25402100,2,3,1,2,25402100,25401100,TRUE
11084155:1,25203100,25203100,3,2,0,NA,25203100,25203100,TRUE
11084159:1,41101100,41101100,2,2,1,1,11102100,41101100,TRUE
11084177:1,23201100,23201100,3,3,0,NA,23201100,23201100,TRUE
11084178:1,25402100,25402100,3,3,0,NA,25402100,25402100,TRUE
11084182:1,25203100,25203100,1,2,1,2,25203100,25202100,TRUE
11084190:1,23101100,23101100,3,3,0,NA,23101100,23101100,TRUE
11084191:1,27209900,27101300,3,3,0,NA,27101300,27101300,FALSE
11084203:1,41203100,41203100,3,3,0,NA,41203100,41203100,TRUE
11084215:1,53303200,53303200,2,2,1,2,53303100,53304100,TRUE
11084216:1,29114100,29114100,2,3,0,NA,29114100,29114100,TRUE
11084217:1,15112100,15112100,1,3,0,NA,15112100,15112100,TRUE
11084229:1,31101100,31101100,3,3,1,3,31101100,31101400,TRUE
11084236:1,43902200,43902200,2,2,1,2,43601400,43902200,TRUE
11084261:1,11912101,11912101,2,3,1,3,11912100,11912101,TRUE
11084263:1,43601400,43601400,3,3,0,NA,43601400,43601400,TRUE
11084274:1,13107100,13107100,1,2,0,NA,13107100,13107100,TRUE
11084290:1,25904100,25904100,3,2,0,NA,25904100,25904100,TRUE
11084307:1,11905100,41101100,1,NA,1,1,11102100,NA,FALSE
11084311:1,51302300,51302300,2,3,1,3,51209200,51302300,TRUE
11084315:1,29118100,29209200,3,2,1,2,29118100,29209200,FALSE
11084328:1,43305100,43305100,3,2,1,1,41101100,43305100,TRUE
11084345:1,51911100,51911100,2,3,0,NA,51911100,51911100,TRUE
11084354:1,35201400,35201400,1,3,1,2,35201100,35201400,TRUE
11084371:1,49202200,49202200,1,3,1,3,49202200,17302301,TRUE
11084372:1,19406100,19406100,3,3,0,NA,19406100,19406100,TRUE
11084373:1,35101200,35101200,2,3,1,1,11102100,11905100,TRUE
11084390:1,53304100,53304100,3,3,0,NA,53304100,53304100,TRUE
11084398:1,27201205,25203100,1,3,1,1,25203100,27102700,FALSE
11084418:1,51101100,49907100,1,2,0,NA,49907100,49907100,FALSE
11084423:1,39902100,39902100,3,3,1,3,39902100,31101100,TRUE
11084438:1,41101100,41101100,2,2,0,NA,41101100,41101100,TRUE
11084442:1,21102200,21102200,1,2,1,1,21102200,21109300,TRUE
11084452:1,37301100,53706200,3,2,1,2,53706400,53706200,FALSE
11084473:1,31101100,31101100,2,2,0,NA,31101100,31101100,TRUE
11084476:1,43508101,43508101,2,3,1,2,41203100,43508101,TRUE
11084486:1,13201101,13201101,2,2,1,2,11911100,29119900,TRUE
11084507:1,29114100,29206100,2,3,1,3,29114100,29206100,FALSE
11084513:1,29114100,29206100,3,3,1,3,29206100,29114101,FALSE
11084521:1,21101200,21101200,3,3,0,NA,21101200,21101200,TRUE
11084532:1,41203100,41201100,2,3,1,2,41201100,43508101,FALSE
11084533:1,43407100,43407100,3,2,0,NA,43407100,43407100,TRUE
11084541:1,23101100,23101100,3,3,0,NA,23101100,23101100,TRUE
11084583:1,41302100,13201101,3,3,1,2,41401100,27201201,FALSE
11084585:1,25402100,25402100,3,3,0,NA,25402100,25402100,TRUE
11084588:1,53304100,53304100,1,2,1,2,53303100,53304100,TRUE
11084601:1,39901100,39901100,1,2,0,NA,39901100,39901100,TRUE
11084604:1,43508103,43508103,2,2,0,NA,43508103,43508103,TRUE
11084631:1,43601400,43601400,3,3,1,3,43601400,43303100,TRUE
11084632:1,25112500,25108100,2,3,0,NA,25108100,25108100,FALSE
11084638:1,27102600,27102600,3,2,0,NA,27102600,27102600,TRUE
11084666:1,11202100,11202100,2,3,0,NA,11202100,11202100,TRUE
11084673:1,41201100,41201100,3,3,0,NA,41201100,41201100,TRUE
11084697:1,11911100,29114100,3,3,0,NA,29114100,29114100,FALSE
11084710:1,43601400,43601400,3,3,0,NA,43601400,43601400,TRUE
11084722:1,11905100,11905100,2,3,1,2,11905100,35101200,TRUE
11084739:1,25904100,25904100,3,3,0,NA,25904100,25904100,TRUE
11084751:1,27102500,27102500,2,3,0,NA,27102500,27102500,TRUE
11094055:1,13119906,13119906,1,2,1,2,13119900,13119906,TRUE
11094066:1,37201200,37201200,3,3,1,3,37201200,39902100,TRUE
11094068:1,41203100,41203100,3,2,0,NA,41203100,41203100,TRUE
11094089:1,11102100,15112100,2,2,1,2,15112100,15114200,FALSE
11094122:1,41902100,41902100,3,3,0,NA,41902100,41902100,TRUE
11094126:1,43601400,43601400,3,2,1,3,43601400,43601100,TRUE
11094136:1,11301100,43417100,3,3,0,NA,43417100,43417100,FALSE
11094143:1,39509200,39509200,3,3,0,NA,39509200,39509200,TRUE
11094158:1,41203100,41203100,2,2,1,2,41203100,41401200,TRUE
11094201:1,51906100,51906100,1,2,1,2,17302909,51906100,TRUE
11094207:1,11102100,11102100,1,3,1,1,11102100,11305100,TRUE
11094236:1,21101300,21101300,3,3,0,NA,21101300,21101300,TRUE
11094262:1,37201100,37201100,3,3,0,NA,37201100,37201100,TRUE
11094268:1,43601300,43601300,1,2,1,2,43601300,43411100,TRUE
11094278:1,27102400,27102400,2,2,0,NA,27102400,27102400,TRUE
11094314:1,37201200,37201200,3,3,0,NA,37201200,37201200,TRUE
11094322:1,29114100,29114100,3,3,0,NA,29114100,29114100,TRUE
11094324:1,43503200,43503200,2,3,0,NA,43503200,43503200,TRUE
11094362:1,21109400,21109400,3,1,1,2,21109400,39701100,TRUE
11094367:1,17219900,17219900,1,1,1,1,17219900,17214100,TRUE
11094377:1,43405100,43405100,3,3,0,NA,43405100,43405100,TRUE
11094380:1,43405100,43405100,3,3,0,NA,43405100,43405100,TRUE
11094383:1,43508104,53705100,2,3,1,2,43508103,53705100,FALSE
11094406:1,43412100,43412100,3,3,0,NA,43412100,43412100,TRUE
11094408:1,43405100,43405100,3,2,0,NA,43405100,43405100,TRUE
11094412:1,27102700,43902200,2,3,0,NA,43902200,43902200,FALSE
11094428:1,11101100,11202100,3,3,1,3,11101100,11202100,FALSE
11094435:1,21109300,53303300,3,3,0,NA,53303300,53303300,FALSE
11094437:1,15203100,15203100,2,2,0,NA,15203100,15203100,TRUE
11094443:1,41902200,41902200,3,2,1,2,41902200,41902100,TRUE
11094453:1,31909200,43417100,3,3,0,NA,43417100,43417100,FALSE
11094496:1,27303100,27303100,2,2,0,NA,27303100,27303100,TRUE
11094500:1,53302200,53302200,3,3,0,NA,53302200,53302200,TRUE
11094504:1,35303100,35303100,3,3,0,NA,35303100,35303100,TRUE
11094516:1,25904100,53706400,3,3,0,NA,53706400,53706400,FALSE
11094525:1,43601400,43601400,3,3,0,NA,43601400,43601400,TRUE
11094529:1,15113300,17207100,3,3,0,NA,17207100,17207100,FALSE
11094533:1,39902100,39902100,3,3,0,NA,39902100,39902100,TRUE
11104028:1,43405100,43405100,3,3,0,NA,43405100,43405100,TRUE
11104036:1,NA,NA,NA,NA,1,NA,NA,NA,TRUE
11104056:1,13104101,13104101,3,2,0,NA,13104101,13104101,TRUE
11104082:1,39903100,39903100,3,2,1,3,39903100,25119300,TRUE
11104083:1,43403103,43403103,2,2,1,2,43403103,13104102,TRUE
11104086:1,53303300,41901100,1,1,1,2,53303100,53303300,FALSE
11104091:1,35202100,35202100,2,2,0,NA,35202100,35202100,TRUE
11104099:1,11911100,11911100,1,2,1,1,11911100,43305100,TRUE
11114026:1,43405100,43405100,1,1,0,NA,43405100,43405100,TRUE
11114108:1,43508101,41203100,3,2,0,NA,41203100,41203100,FALSE
11114117:1,41304100,41304100,2,3,0,NA,41304100,41304100,TRUE
11114231:1,25203100,11102100,3,2,0,NA,11102100,11102100,FALSE
12014001:1,11312100,11312100,2,1,0,NA,11312100,11312100,TRUE
12014002:1,13201101,13201101,3,2,0,NA,13201101,13201101,TRUE
12014005:1,31909200,43405100,3,2,0,NA,43405100,43405100,FALSE
12014006:1,15115100,39902100,3,3,1,3,39902100,31101100,FALSE
12014015:1,11903300,11903300,3,2,0,NA,11903300,11903300,TRUE
12014016:1,45401100,45401100,2,3,0,NA,45401100,45401100,TRUE
12014020:1,43906100,11102100,2,2,1,1,11102100,43101100,FALSE
12014031:1,43417100,53304100,3,3,0,NA,53304100,53304100,FALSE
12014033:1,15112100,15112100,1,2,0,NA,15112100,15112100,TRUE
12014044:1,49907100,49907100,2,2,0,NA,49907100,49907100,TRUE
12014062:1,39902100,39902100,2,3,0,NA,39902100,39902100,TRUE
12014107:1,53304100,53304100,2,3,1,3,53304100,53303300,TRUE
12014124:1,45201100,45201100,2,2,1,1,45201100,11912100,TRUE
12014143:1,47101100,47101100,3,3,0,NA,47101100,47101100,TRUE
12014155:1,33909300,33909300,3,2,0,NA,33909300,33909300,TRUE
12014160:1,27102400,27102400,3,2,1,2,27101400,27102400,TRUE
12014221:1,33903200,33903200,3,3,0,NA,33903200,33903200,TRUE
12014244:1,37301100,37301100,3,3,1,3,37301100,37301300,TRUE
12014253:1,25402100,25402100,3,3,0,NA,25402100,25402100,TRUE
12014266:1,43405100,43405100,1,2,1,1,43405100,43906100,TRUE
12014282:1,35101200,35101200,1,3,0,NA,35101200,35101200,TRUE
12014284:1,21102900,13104107,1,3,1,1,13104107,13104102,FALSE
12014308:1,49907100,49907100,3,2,0,NA,49907100,49907100,TRUE
12014345:1,43508102,43508102,2,2,1,2,51919800,43508102,TRUE
12014347:1,43406100,NA,NA,1,1,NA,NA,43406100,FALSE
12014351:1,43407100,43407100,2,2,1,2,43407100,23201100,TRUE
12014363:1,43601300,43417100,3,3,0,NA,43417100,43417100,FALSE
12014383:1,29207100,29207100,2,3,1,1,43407100,29207100,TRUE
12014384:1,25203100,25203100,2,3,0,NA,25203100,25203100,TRUE
12014395:1,43601400,43601400,2,1,1,2,43601400,11903200,TRUE
12014400:1,31101400,31101400,3,2,0,NA,31101400,31101400,TRUE
12014403:1,41101100,41101100,3,3,1,2,41201100,41101100,TRUE
12014469:1,31909700,31909700,3,2,0,NA,31909700,31909700,TRUE
12014474:1,31101100,31101100,2,3,0,NA,31101100,31101100,TRUE
12014478:1,39901100,39901100,3,3,0,NA,39901100,39901100,TRUE
12014487:1,53303200,53303200,2,2,0,NA,53303200,53303200,TRUE
12014491:1,11102100,11303102,2,2,1,1,11303102,11904100,FALSE
12014501:1,43904101,43904101,1,2,1,2,43601300,43904101,TRUE
12014533:1,49209400,49209400,2,3,0,NA,49209400,49209400,TRUE
12014569:1,15112100,15204100,2,2,1,2,15204100,13107100,FALSE
12014574:1,51906100,51906100,1,2,1,2,51709900,51906100,TRUE
12014580:1,43305100,43305100,3,3,0,NA,43305100,43305100,TRUE
12014588:1,NA,NA,1,NA,1,NA,43601400,NA,TRUE
12014616:1,29201100,13201101,1,2,1,2,29201200,29201100,FALSE
12014621:1,39701100,13201101,2,1,1,2,17301300,17301101,FALSE
12014627:1,49303100,13207101,3,2,1,2,19409901,15119901,FALSE
12014640:1,41101100,41101100,2,3,1,2,41101200,11202200,TRUE
12014643:1,13101100,13101100,3,3,0,NA,13101100,13101100,TRUE
12014673:1,31909200,33903200,3,3,0,NA,33903200,33903200,FALSE
12014701:1,15201100,15201100,3,2,0,NA,15201100,15201100,TRUE
12014703:1,17302301,17302301,2,2,0,NA,17302301,17302301,TRUE
12014707:1,13119902,13119902,1,1,1,1,13119900,13119902,TRUE
12014712:1,23101100,23101100,2,2,0,NA,23101100,23101100,TRUE
12014713:1,27304100,27304100,3,3,0,NA,27304100,27304100,TRUE
12014725:1,43601400,43601400,3,2,0,NA,43601400,43601400,TRUE
12014729:1,13203100,13203100,2,2,0,NA,13203100,13203100,TRUE
12014731:1,53302200,53302200,3,3,0,NA,53302200,53302200,TRUE
12014735:1,43601400,41101100,1,2,1,2,13201101,41101100,FALSE
12014737:1,43508101,43508101,3,3,0,NA,43508101,43508101,TRUE
12024003:1,19409900,19204100,3,3,0,NA,19204100,19204100,FALSE
12024021:1,43903100,43903100,2,2,1,2,43903100,27304100,TRUE
12024029:1,53606100,53606100,2,2,1,3,39901100,53606100,TRUE
12024035:1,25203100,25203100,2,2,0,NA,25203100,25203100,TRUE
12024045:1,11912100,11912100,1,1,1,1,11301100,11912100,TRUE
12024051:1,43405100,17211201,1,1,1,1,13116100,17211201,FALSE
12024066:1,25401200,25401200,1,2,1,2,25401200,25402100,TRUE
12024070:1,39902100,39902100,2,3,1,1,31101100,39902100,TRUE
12024072:1,23101100,23101100,3,2,0,NA,23101100,23101100,TRUE
12024092:1,21102200,29114104,1,3,1,1,29114104,21102200,FALSE
12024096:1,49202200,49202200,2,3,1,3,15115100,49202200,TRUE
12024104:1,29112300,29112300,3,3,0,NA,29112300,29112300,TRUE
12024107:1,21101200,53302200,2,1,1,1,53304100,53302200,FALSE
12024109:1,43405100,43405100,3,2,0,NA,43405100,43405100,TRUE
12024125:1,39902100,39902100,3,3,0,NA,39902100,39902100,TRUE
12024134:1,21102100,21102100,2,1,1,1,21102100,21109900,TRUE
12024142:1,43418100,43418100,3,3,0,NA,43418100,43418100,TRUE
12024228:1,29205200,29205200,3,3,0,NA,29205200,29205200,TRUE
12024232:1,11202200,11202200,2,3,0,NA,11202200,11202200,TRUE
12024239:1,41201100,41201100,3,3,0,NA,41201100,41201100,TRUE
12024241:1,19203100,19203100,3,3,0,NA,19203100,19203100,TRUE
12024248:1,13107100,13107100,3,3,0,NA,13107100,13107100,TRUE
12024255:1,31201200,31201200,2,2,1,1,31201200,21101500,TRUE
12024300:1,11902100,NA,2,2,1,NA,11902100,41101200,FALSE
12024307:1,43101100,43101100,1,1,1,1,43101100,51101100,TRUE
12024334:1,35101100,35101100,3,3,0,NA,35101100,35101100,TRUE
12024344:1,43601400,43601400,3,2,0,NA,43601400,43601400,TRUE
12024358:1,43301100,43405100,2,2,0,NA,43405100,43405100,FALSE
12024361:1,25904100,25904100,3,3,0,NA,25904100,25904100,TRUE
12024382:1,37201200,37201200,3,3,0,NA,37201200,37201200,TRUE
12024395:1,43406100,43406100,2,3,1,2,43411100,43406100,TRUE
12024437:1,19302200,19302200,1,3,1,1,43411100,19302200,TRUE
12024466:1,17201100,17201100,3,3,0,NA,17201100,17201100,TRUE
12024496:1,37301200,37301200,3,2,1,3,37301200,19103103,TRUE
12024498:1,25119400,25119400,2,2,1,2,25309900,25119400,TRUE
12024512:1,19102300,19102300,3,2,1,3,19102300,11912100,TRUE
12024514:1,49101100,49101100,1,3,1,2,13107100,49101100,TRUE
12024515:1,15115100,15115100,1,2,1,1,13115100,15115100,TRUE
12024526:1,51912100,51912100,2,3,1,3,47214100,51912100,TRUE
12024544:1,33903200,33903200,3,2,0,NA,33903200,33903200,TRUE
12024613:1,33903200,33903200,3,3,0,NA,33903200,33903200,TRUE
12024652:1,43508103,43508103,1,2,1,2,43508101,43508103,TRUE
12024661:1,35101200,11908100,2,2,1,2,11908100,43408100,FALSE
12024686:1,47214100,47214100,3,3,0,NA,47214100,47214100,TRUE
12024688:1,13201101,13201101,3,3,0,NA,13201101,13201101,TRUE
12024720:1,41201100,41201100,3,3,0,NA,41201100,41201100,TRUE
12024722:1,39902100,39902100,3,3,0,NA,39902100,39902100,TRUE
12024735:1,41203100,41203100,1,3,0,NA,41203100,41203100,TRUE
12024736:1,33903200,33903200,3,3,0,NA,33903200,33903200,TRUE
12024749:1,31909600,31909600,2,3,1,1,19403100,31909600,TRUE
12024753:1,25205200,25205200,2,3,1,2,25205200,25201200,TRUE
12024764:1,25202100,25904100,2,2,1,2,25202100,25309902,FALSE
12024771:1,NA,NA,NA,1,1,NA,NA,41401200,TRUE
12024797:1,37201100,37201100,3,3,0,NA,37201100,37201100,TRUE
12024799:1,41902200,41902200,3,2,1,3,41902200,41902100,TRUE
12024808:1,53706200,53706200,2,2,0,NA,53706200,53706200,TRUE
12024809:1,29207100,29207100,3,3,0,NA,29207100,29207100,TRUE
12024868:1,25202200,25202200,3,3,0,NA,25202200,25202200,TRUE
12024874:1,33301200,33301200,1,1,1,2,33903200,31101100,TRUE
12024876:1,41302100,41302100,2,3,1,2,13208200,41302100,TRUE
12024878:1,43504100,43504100,1,3,1,3,49907100,43504100,TRUE
12024879:1,43408100,43408100,2,2,1,2,43408100,43418100,TRUE
12024906:1,43417100,43417100,3,3,0,NA,43417100,43417100,TRUE
12024912:1,11202100,11202100,2,3,0,NA,11202100,11202100,TRUE
12024916:1,39909900,39909900,3,2,0,NA,39909900,39909900,TRUE
12024932:1,41201100,41201100,3,3,0,NA,41201100,41201100,TRUE
12024989:1,11101100,11301100,2,2,1,1,11301100,11102100,FALSE
12025003:1,11303102,11303102,2,2,0,NA,11303102,11303102,TRUE
12025050:1,41202200,41202200,2,1,1,3,11102100,43508104,TRUE
12025055:1,21102100,21102100,2,2,0,NA,21102100,21102100,TRUE
12025091:1,43601400,43906100,1,1,1,1,43906100,25903100,FALSE
12025099:1,21101200,21101200,3,3,0,NA,21101200,21101200,TRUE
12025119:1,35301100,35301100,3,3,0,NA,35301100,35301100,TRUE
12025126:1,25901100,43601400,3,3,0,NA,43601400,43601400,FALSE
12025131:1,41203100,41203100,2,3,1,2,41203100,41101100,TRUE
12025135:1,31101400,31101400,2,3,1,2,31101400,29206100,TRUE
12034004:1,13201101,43303100,2,2,1,2,43303100,13201101,FALSE
12034044:1,25202200,25202200,1,2,1,2,25202100,25202200,TRUE
12034046:1,43405100,43405100,3,1,1,1,43405100,41201100,TRUE
12034048:1,43408100,43408100,3,1,0,NA,43408100,43408100,TRUE
12034055:1,21102300,21102300,2,3,0,NA,21102300,21102300,TRUE
12034058:1,41203100,41201100,3,3,0,NA,41201100,41201100,FALSE
12034161:1,43505100,43505100,3,2,0,NA,43505100,43505100,TRUE
12034164:1,31909100,31909100,3,3,0,NA,31909100,31909100,TRUE
12034165:1,31101400,31101400,2,3,0,NA,31101400,31101400,TRUE
12034169:1,31101400,31101400,2,3,0,NA,31101400,31101400,TRUE
12034177:1,25105200,25105200,1,2,1,2,25119900,25105200,TRUE
12034178:1,49907100,49907100,1,2,1,1,43405100,49907100,TRUE
12034185:1,41902100,41902100,3,3,0,NA,41902100,41902100,TRUE
12034188:1,11101100,11101100,1,2,1,1,11101100,11102100,TRUE
12034196:1,19104200,19104200,3,3,1,3,19104200,19102100,TRUE
12034223:1,47211100,53708100,3,3,0,NA,53708100,53708100,FALSE
12034229:1,25119400,25119400,1,2,1,1,25309900,25119400,TRUE
12034233:1,35201400,35201400,1,3,0,NA,35201400,35201400,TRUE
12034234:1,11914100,15112100,3,2,1,3,43506100,11919903,FALSE
12034238:1,43904101,43904101,2,2,1,2,43904102,43904101,TRUE
12034244:1,25904100,25904100,3,3,0,NA,25904100,25904100,TRUE
12034260:1,13113100,13113100,1,1,1,1,13119900,11203100,TRUE
12034275:1,53303300,53303300,3,3,0,NA,53303300,53303300,TRUE
12034277:1,19406100,19406100,2,3,1,2,19406100,43911100,TRUE
12034281:1,29114100,31909200,1,3,1,1,31909200,31101100,FALSE
12034324:1,43405103,43405103,2,1,1,2,43405103,41302100,TRUE
12044036:1,35302200,35302200,2,1,1,1,41909100,35302200,TRUE
12044073:1,27304305,27304305,3,3,0,NA,27304305,27304305,TRUE
12044125:1,39601100,39601100,3,2,1,3,39601100,37201100,TRUE
12044173:1,43906100,43906100,1,2,0,NA,43906100,43906100,TRUE
12054018:1,43601400,43601400,3,2,1,3,43601400,43906100,TRUE
12054039:1,11102100,15114300,2,2,0,NA,15114300,15114300,FALSE
14092001:1,47404100,47404100,3,3,0,NA,47404100,47404100,TRUE
14092002:1,15119901,15119901,3,3,0,NA,15119901,15119901,TRUE
14092003:1,25402100,25402100,2,1,1,2,25402100,13116100,TRUE
14092004:1,27302200,27302200,3,3,0,NA,27302200,27302200,TRUE
14092007:1,35201100,35201100,2,2,0,NA,35201100,35201100,TRUE
14092008:1,25106600,25106600,2,3,0,NA,25106600,25106600,TRUE
14092010:1,53705100,53705100,2,3,1,3,43508103,53705100,TRUE
14092012:1,11101100,13205100,3,2,1,2,13205100,11919903,FALSE
14092013:1,15115100,15115100,2,3,1,2,15115100,43101100,TRUE
14092014:1,21102100,21102100,3,2,1,3,21102100,21101200,TRUE
14092015:1,49909200,49909200,3,3,0,NA,49909200,49909200,TRUE
14092022:1,11919902,13104107,2,3,0,NA,13104107,13104107,FALSE
14092026:1,27102500,27102500,1,2,0,NA,27102500,27102500,TRUE
14092029:1,43405100,43405100,1,1,0,NA,43405100,43405100,TRUE
14092030:1,29206100,29206100,2,3,0,NA,29206100,29206100,TRUE
14092031:1,11101100,11101100,3,3,0,NA,11101100,11101100,TRUE
14092034:1,11202100,11102100,2,2,0,NA,11102100,11102100,FALSE
14092036:1,51701100,43408100,3,3,1,3,43408100,43417100,FALSE
14092042:1,39202100,39202100,1,2,0,NA,39202100,39202100,TRUE
14092045:1,41309900,11202200,1,2,0,NA,11202200,11202200,FALSE
14092046:1,21102300,21102300,1,3,1,3,29114104,21102300,TRUE
14092049:1,53705100,53705100,2,3,0,NA,53705100,53705100,TRUE
14092052:1,27102500,27102500,3,2,1,3,27102500,17301101,TRUE
14092053:1,41101200,41101200,1,2,1,1,43101100,51101100,TRUE
14092057:1,43601100,43601100,3,2,0,NA,43601100,43601100,TRUE
14092062:1,11312100,11312100,2,2,1,2,11312100,13107100,TRUE
14092066:1,21102300,21102100,3,2,0,NA,21102100,21102100,FALSE
14092070:1,11904100,11904100,2,3,1,1,11904100,17216100,TRUE
14092071:1,29901200,29901200,2,3,1,1,11919902,29901200,TRUE
14092072:1,11903900,11303102,1,2,1,1,11903300,11303102,FALSE
14092075:1,41101200,41101200,2,2,1,2,41101200,11202100,TRUE
14092078:1,49304200,49304200,3,2,0,NA,49304200,49304200,TRUE
14092082:1,43101100,43101100,2,2,0,NA,43101100,43101100,TRUE
14092083:1,13201101,13201101,2,2,1,2,13201101,43101100,TRUE
14092086:1,43417100,43601300,2,3,1,2,43601300,43417100,FALSE
14092087:1,43908100,43908100,3,3,0,NA,43908100,43908100,TRUE
14092088:1,49907100,49907100,2,3,1,3,49909900,49907100,TRUE
14092089:1,11303101,11303101,3,2,1,3,11303101,11101100,TRUE
14092091:1,49209600,49209600,2,3,0,NA,49209600,49209600,TRUE
14092092:1,39904100,39904100,2,3,0,NA,39904100,39904100,TRUE
14092095:1,29114100,29114100,3,3,0,NA,29114100,29114100,TRUE
14092099:1,19204200,19204200,3,2,0,NA,19204200,19204200,TRUE
14092102:1,29207100,29207100,2,2,0,NA,29207100,29207100,TRUE
14092108:1,25205200,25205200,1,1,1,3,25309900,25203100,TRUE
14092109:1,29114100,29114100,3,3,0,NA,29114100,29114100,TRUE
14092111:1,21102300,21102300,3,2,1,2,21101400,21102100,TRUE
14092114:1,13205100,13205100,1,2,1,1,13205100,13209902,TRUE
14092117:1,13104100,15119901,1,2,1,1,43101100,15119901,FALSE
14092120:1,13201101,13201101,3,3,0,NA,13201101,13201101,TRUE
14092121:1,25108100,25108100,1,2,0,NA,25108100,25108100,TRUE
14092124:1,43407100,43407100,1,1,0,NA,43407100,43407100,TRUE
14092132:1,47211100,47211100,2,3,1,2,47101100,47211100,TRUE
14092134:1,25202100,25202100,3,3,0,NA,25202100,25202100,TRUE
14092135:1,29114100,29114100,3,3,0,NA,29114100,29114100,TRUE
14092136:1,15119902,17207100,2,3,1,1,17207100,15113300,FALSE
14092138:1,13115100,13115100,1,2,1,2,15114200,13115100,TRUE
14092141:1,11903300,11903300,3,2,0,NA,11903300,11903300,TRUE
14092142:1,39904100,39904100,2,3,1,1,11903300,39904100,TRUE
14092145:1,13201101,13201101,3,3,0,NA,13201101,13201101,TRUE
14092147:1,11203100,11203100,2,2,1,2,11203100,13113100,TRUE
14092149:1,41203100,41203100,3,2,1,3,41203100,51903100,TRUE
14092154:1,25202100,25202100,3,3,0,NA,25202100,25202100,TRUE
14092155:1,25309902,25309902,3,3,0,NA,25309902,25309902,TRUE
14092157:1,11102100,13112100,1,NA,1,1,11301100,NA,FALSE
14092158:1,11102100,11102100,2,3,0,NA,11102100,11102100,TRUE
14092159:1,25105200,25105200,2,2,0,NA,25105200,25105200,TRUE
14092160:1,11203100,11203100,1,2,1,1,11203100,27304200,TRUE
14092161:1,47214100,51702100,3,2,1,2,47214100,51702100,FALSE
14092162:1,13104102,13104102,1,2,0,NA,13104102,13104102,TRUE
14092164:1,35301100,35301100,2,2,0,NA,35301100,35301100,TRUE
14092166:1,25203100,25203100,3,2,0,NA,25203100,25203100,TRUE
14092167:1,39902100,39902100,3,3,0,NA,39902100,39902100,TRUE
14092168:1,15114200,15114200,2,3,1,2,15115100,15114200,TRUE
14092172:1,29112300,29112300,3,3,0,NA,29112300,29112300,TRUE
14092173:1,23101100,23101100,2,2,0,NA,23101100,23101100,TRUE
14092175:1,11914100,11914100,1,2,1,1,43406100,11914100,TRUE
14092176:1,43601400,43601400,2,2,0,NA,43601400,43601400,TRUE
14092179:1,15115200,15115200,2,2,1,2,15115200,15114200,TRUE
14092181:1,15113300,15113300,2,3,1,2,15113200,15113300,TRUE
14092186:1,11903200,11903200,3,3,0,NA,11903200,11903200,TRUE
14092187:1,19406100,19406100,3,2,0,NA,19406100,19406100,TRUE
14092189:1,49907100,49907100,2,2,1,2,49907100,49909900,TRUE
14092191:1,21102100,21102100,2,2,1,2,21102100,21102200,TRUE
14092198:1,43601200,43601200,3,3,1,3,23201100,43601200,TRUE
14092207:1,41401200,41401200,2,2,0,NA,41401200,41401200,TRUE
14092209:1,43302102,43302102,2,2,1,1,43302102,13201102,TRUE
14092218:1,11101100,13111100,2,2,0,NA,13111100,13111100,FALSE
14092219:1,43405100,43405100,3,2,0,NA,43405100,43405100,TRUE
14092221:1,41902100,41902100,3,3,1,3,41902200,41902100,TRUE
14092222:1,43505200,43505200,3,3,0,NA,43505200,43505200,TRUE
14092225:1,49909100,49909100,2,3,0,NA,49909100,49909100,TRUE
14092229:1,53303200,53303200,3,3,0,NA,53303200,53303200,TRUE
14092230:1,39902100,39902100,3,3,0,NA,39902100,39902100,TRUE
14092233:1,17206100,17206100,3,3,1,2,15113300,17206100,TRUE
14092235:1,11101100,41302100,2,2,1,1,11101100,41302100,FALSE
14092237:1,11203100,11203100,2,2,0,NA,11203100,11203100,TRUE
14092241:1,11102100,11102100,1,2,1,1,11102100,11908100,TRUE
14092243:1,37201100,37201100,2,2,0,NA,37201100,37201100,TRUE
14092245:1,25402100,25402100,3,2,1,2,25402100,25901100,TRUE
14092251:1,11914100,11914100,2,1,0,NA,11914100,11914100,TRUE
14092253:1,23101100,23101100,3,2,0,NA,23101100,23101100,TRUE
14092256:1,43906100,43906100,3,2,0,NA,43906100,43906100,TRUE
14092259:1,21101400,21101400,2,3,1,2,21101400,21102300,TRUE
14092260:1,13201101,13201101,3,3,0,NA,13201101,13201101,TRUE
14092264:1,41401100,41401100,2,2,0,NA,41401100,41401100,TRUE
14092270:1,43417100,43101100,1,2,1,1,43101100,41101200,FALSE
14092274:1,41302100,41302100,3,3,0,NA,41302100,41302100,TRUE
14092276:1,39902100,35201400,2,3,0,NA,35201400,35201400,FALSE
14092282:1,43417100,43417100,2,2,1,2,43419900,11903200,TRUE
14092285:1,43305100,43305100,3,3,0,NA,43305100,43305100,TRUE
14092286:1,11303101,15112100,2,3,1,2,11303101,13201101,FALSE
14092287:1,29205700,29205700,3,2,1,3,29205700,31909200,TRUE
14092291:1,19303102,19303102,2,3,1,2,21101400,19303102,TRUE
14092292:1,21102100,21102100,3,3,1,3,21102100,39901100,TRUE
14092293:1,53303200,53303200,3,2,0,NA,53303200,53303200,TRUE
14092296:1,25105200,25105200,1,2,1,2,25108100,25104200,TRUE
14092305:1,25202100,25202100,3,3,0,NA,25202100,25202100,TRUE
14092309:1,39501200,39501200,3,3,0,NA,39501200,39501200,TRUE
14092313:1,11313100,11313100,2,1,1,1,11313100,13107100,TRUE
14092314:1,41201100,41201100,3,3,0,NA,41201100,41201100,TRUE
14092319:1,25401200,25401200,3,3,0,NA,25401200,25401200,TRUE
14092322:1,25202100,25202100,2,3,0,NA,25202100,25202100,TRUE
14092329:1,13114100,13114100,2,2,1,3,13114100,11311100,TRUE
14092331:1,15113200,15113200,3,2,1,3,15113200,15113300,TRUE
14092335:1,43906100,43906100,1,3,0,NA,43906100,43906100,TRUE
14092337:1,41203100,41203100,3,3,1,3,41203100,41401200,TRUE
14092338:1,41101100,41101100,2,3,1,1,27102300,41101100,TRUE
14092339:1,15115100,15115100,3,2,1,2,15115100,15115200,TRUE
14092340:1,27403200,27403200,3,3,0,NA,27403200,27403200,TRUE
14092343:1,13103102,13103102,2,3,0,NA,13103102,13103102,TRUE
14092344:1,15119901,15119901,1,2,1,2,15119908,13119904,TRUE
14092351:1,13201101,13201101,3,3,0,NA,13201101,13201101,TRUE
14092357:1,25403100,25403100,3,3,0,NA,25403100,25403100,TRUE
14092358:1,27204101,27204104,1,1,1,1,27204104,25203100,FALSE
14092361:1,17301300,25119400,1,1,1,1,25102100,25119400,FALSE
14092362:1,25309902,25309902,3,3,0,NA,25309902,25309902,TRUE
14092364:1,43405103,43405103,2,2,1,1,31909900,43405103,TRUE
14092365:1,37101100,37101100,3,2,0,NA,37101100,37101100,TRUE
14092366:1,43303100,43303100,2,2,0,NA,43303100,43303100,TRUE
14092367:1,19406100,19406100,2,2,1,2,19406100,43911100,TRUE
14092370:1,11102100,11102100,1,2,1,1,11102100,11912100,TRUE
14092374:1,13114100,13114100,2,2,1,2,13114100,13107100,TRUE
14092383:1,29114100,29114100,3,3,0,NA,29114100,29114100,TRUE
14092395:1,39509200,39509200,3,3,0,NA,39509200,39509200,TRUE
14092396:1,41201100,41201100,3,2,0,NA,41201100,41201100,TRUE
14092398:1,41401200,41401200,1,2,1,2,41309900,41401200,TRUE
14092402:1,35201400,35201400,1,2,0,NA,35201400,35201400,TRUE
14092403:1,11903300,11903300,2,1,1,1,11903300,13119904,TRUE
14092407:1,25202200,25202200,3,3,0,NA,25202200,25202200,TRUE
14092411:1,13208200,13201101,3,2,0,NA,13201101,13201101,FALSE
14092419:1,15112200,15112200,2,1,1,1,15113300,11919907,TRUE
14092421:1,15113300,15113300,3,2,1,3,15112100,15113300,TRUE
14092425:1,11915100,11915100,2,2,0,NA,11915100,11915100,TRUE
14092426:1,17201100,17201100,1,1,1,1,15115100,17201100,TRUE
14092429:1,29114100,15119908,2,2,1,2,29114100,29206100,FALSE
14092430:1,33101200,33101200,3,2,0,NA,33101200,33101200,TRUE
14092431:1,11312100,11312100,2,2,0,NA,11312100,11312100,TRUE
14092432:1,15113400,15113400,3,2,0,NA,15113400,15113400,TRUE
14092441:1,43408100,43408100,3,3,1,3,43408100,39601200,TRUE
14092443:1,39902100,39902100,3,3,0,NA,39902100,39902100,TRUE
14092444:1,15113200,15113200,3,3,0,NA,15113200,15113200,TRUE
14092447:1,11901302,11901302,1,2,1,1,11901302,11307103,TRUE
14092450:1,11306100,15119901,1,2,1,1,15119901,17213100,FALSE
14092454:1,21201100,21201100,3,2,0,NA,21201100,21201100,TRUE
14092457:1,53702100,53702100,3,3,0,NA,53702100,53702100,TRUE
14092459:1,43601400,43601400,3,3,0,NA,43601400,43601400,TRUE
14092460:1,29102100,29102100,3,3,0,NA,29102100,29102100,TRUE
14092461:1,43417100,43417100,3,3,0,NA,43417100,43417100,TRUE
14092462:1,43405100,43405100,3,3,0,NA,43405100,43405100,TRUE
14092464:1,25301100,25301100,2,2,1,2,25301100,25202200,TRUE
14092465:1,33102101,33201101,3,3,0,NA,33201101,33201101,FALSE
14092468:1,29206100,29206100,3,2,0,NA,29206100,29206100,TRUE
14092471:1,33102101,17205100,1,2,1,3,33201101,33102101,FALSE
14092473:1,49907100,49907100,3,3,1,3,49907100,37201100,TRUE
14092475:1,29202100,29202100,3,2,0,NA,29202100,29202100,TRUE
14092476:1,43101100,43101100,1,2,1,1,11307102,13108102,TRUE
14092480:1,43904102,43904102,1,1,1,1,11306100,29207100,TRUE
14092481:1,29112700,29112700,3,3,0,NA,29112700,29112700,TRUE
14092483:1,49202200,49202200,2,2,1,1,15115200,15114301,TRUE
14092488:1,43405100,43405100,3,1,1,2,43405100,43209900,TRUE
14092494:1,13104107,13104107,3,3,0,NA,13104107,13104107,TRUE
14092496:1,43906100,41203100,2,3,0,NA,41203100,41203100,FALSE
14092500:1,13108100,13108100,2,3,1,2,13108102,13108100,TRUE
14092501:1,27401100,43408100,3,2,1,3,43408100,43417100,FALSE
14092506:1,19204100,11904100,2,2,1,2,11912100,11904100,FALSE
14092507:1,15112100,15119901,2,1,1,2,15119901,15115100,FALSE
14092510:1,25302100,25302100,3,2,1,3,25302100,25203200,TRUE
14092511:1,11101100,11101100,2,1,0,NA,11101100,11101100,TRUE
14092518:1,15113200,15113200,2,2,1,3,15113200,15113300,TRUE
14092521:1,43906100,43906100,2,2,1,2,43405100,43305100,TRUE
14092522:1,11103100,11303101,2,1,1,2,11303101,13205100,FALSE
14092524:1,43405103,43405103,NA,1,1,1,NA,43101100,TRUE
14092529:1,15119909,15119909,3,3,0,NA,15119909,15119909,TRUE
14092538:1,49907100,49907100,2,2,1,3,49907100,37101200,TRUE
14092539:1,49302302,49302302,2,3,1,2,49302302,49309200,TRUE
14092541:1,25309900,25309900,3,3,0,NA,25202100,25202200,TRUE
14092544:1,43904102,43904102,2,2,1,1,43904102,11303102,TRUE
14092549:1,11312100,11312100,2,2,0,NA,11312100,11312100,TRUE
14092552:1,21109900,21109900,1,1,1,1,13107100,21109900,TRUE
14092557:1,21109100,21109100,2,1,1,3,21109100,11903902,TRUE
14092559:1,43405103,43601300,2,2,0,NA,43601300,43601300,FALSE
14092561:1,49201100,49201100,2,2,0,NA,49201100,49201100,TRUE
14092563:1,19204100,19204100,3,3,0,NA,19204100,19204100,TRUE
14092574:1,11102100,41201100,3,3,0,NA,41201100,41201100,FALSE
14092577:1,41401100,41401100,2,3,0,NA,41401100,41401100,TRUE
14092580:1,13202102,43906100,1,2,1,1,13103200,13202102,FALSE
14092581:1,25202100,25202100,3,3,0,NA,25202100,25202100,TRUE
14092582:1,25202100,25202100,3,2,1,3,25202100,25202200,TRUE
14092588:1,15119901,15119901,3,3,0,NA,15119901,15119901,TRUE
14092590:1,29114100,29114100,3,3,0,NA,29114100,29114100,TRUE
14092592:1,39902100,39902100,3,3,1,3,39902100,31101100,TRUE
14092594:1,15119909,15119909,2,2,1,1,11302100,15119909,TRUE
14092595:1,41201100,41201100,3,2,1,1,41201100,35304100,TRUE
14092597:1,15119902,15119902,1,2,1,1,15119902,17214100,TRUE
14092599:1,31909100,43405100,3,2,0,NA,43405100,43405100,FALSE
14092604:1,51209200,51209200,2,2,1,1,51209900,51209200,TRUE
14092605:1,29201100,29201100,2,3,0,NA,29201100,29201100,TRUE
14092607:1,25904100,25904100,2,3,0,NA,25904100,25904100,TRUE
14092610:1,53303300,53303300,3,2,0,NA,53303300,53303300,TRUE
14092612:1,11903300,11903300,1,2,0,NA,11903300,11903300,TRUE
14092614:1,43904102,43904102,2,2,1,1,41302100,43904102,TRUE
14092615:1,47207100,47207100,3,2,0,NA,47207100,47207100,TRUE
14092617:1,13115100,13115100,3,2,1,3,13115100,43416100,TRUE
14092618:1,11903300,11903300,3,2,0,NA,11903300,11903300,TRUE
14092629:1,13112100,13112100,3,2,1,2,13112100,43303100,TRUE
14092634:1,13115100,13115100,2,2,0,NA,13115100,13115100,TRUE
14092636:1,23209100,23209100,3,3,0,NA,23209100,23209100,TRUE
14092639:1,11911100,11911100,2,2,1,1,21102300,11911100,TRUE
14092643:1,13105100,13105100,3,2,1,3,13105100,47101100,TRUE
14092644:1,47206100,17205101,1,2,1,2,49907100,47206100,FALSE
14092648:1,51301100,51301100,3,3,0,NA,51301100,51301100,TRUE
14092649:1,41902200,41902200,2,3,1,2,41902200,41902100,TRUE
14092652:1,29207100,29207100,3,2,1,3,29207100,29201200,TRUE
14092662:1,37301100,37301100,2,3,0,NA,37301100,37301100,TRUE
14092663:1,11202200,11202200,1,3,1,2,11303102,11202200,TRUE
14092664:1,43307100,43307100,3,3,0,NA,43307100,43307100,TRUE
14092672:1,25203100,25112300,2,2,0,NA,25112300,25112300,FALSE
14092673:1,25904100,25904100,3,3,0,NA,25904100,25904100,TRUE
14092678:1,33903200,33903200,3,3,0,NA,33903200,33903200,TRUE
14092682:1,53304100,53304100,1,3,1,1,53304100,53103100,TRUE
14092684:1,15203100,15203100,1,1,1,1,11301100,15203100,TRUE
14092685:1,15114200,15114200,2,2,1,2,15114200,15114300,TRUE
14092687:1,15113300,15113300,2,3,1,2,15113300,11302100,TRUE
14092691:1,41201100,41201100,3,3,1,3,41203100,41201100,TRUE
14092692:1,11102100,11102100,2,2,1,1,15119908,13119904,TRUE
14092696:1,51801200,51801200,1,3,1,3,51801300,51801200,TRUE
14092698:1,23101100,23101100,3,3,0,NA,23101100,23101100,TRUE
14092703:1,13203100,13203100,1,3,1,1,13203100,13205100,TRUE
14092708:1,15119902,15119902,2,2,1,2,15119902,15114200,TRUE
14092713:1,29106300,17301101,1,3,1,3,29106200,29106910,FALSE
14092714:1,13107100,13107100,2,3,0,NA,13107100,13107100,TRUE
14092715:1,25403100,25403100,3,3,1,2,25403100,43412100,TRUE
14092717:1,51906100,51906100,NA,2,1,2,NA,51906100,TRUE
14092718:1,29106600,29106600,2,3,1,3,29107100,29106600,TRUE
14092721:1,39902100,39902100,3,3,1,3,39902100,31101100,TRUE
14092728:1,13205100,13205100,2,3,0,NA,13205100,13205100,TRUE
14092731:1,25201100,25201100,2,2,0,NA,25201100,25201100,TRUE
14092732:1,13107100,13107100,2,3,1,2,13107100,11312100,TRUE
14092733:1,11303101,11303101,1,2,1,1,13201101,11303101,TRUE
14092734:1,11102100,11102100,2,2,0,NA,11102100,11102100,TRUE
14092740:1,21101200,21101200,3,3,0,NA,21101200,21101200,TRUE
14092742:1,21202100,21202100,3,3,0,NA,21202100,21202100,TRUE
14092747:1,43601400,43601400,3,3,0,NA,43601400,43601400,TRUE
14092751:1,15113400,15113400,3,2,1,1,15113400,37201100,TRUE
14092752:1,15113200,15113200,3,2,0,NA,15113200,15113200,TRUE
14092753:1,29112200,29112200,3,3,0,NA,29112200,29112200,TRUE
14092757:1,39201100,45209300,2,3,1,3,11901302,45209300,FALSE
14092758:1,23101100,23101100,3,3,0,NA,23101100,23101100,TRUE
14092759:1,53303300,53303300,2,2,0,NA,53303300,53303300,TRUE
14092761:1,11201100,11201100,2,2,0,NA,11201100,11201100,TRUE
14092764:1,51911100,51911100,2,3,0,NA,51911100,51911100,TRUE
14092767:1,41203100,41203100,3,2,0,NA,41203100,41203100,TRUE
14092769:1,47214100,47214100,3,3,0,NA,47214100,47214100,TRUE
14092770:1,25904100,25904100,3,3,0,NA,25904100,25904100,TRUE
14092775:1,43418100,43418100,3,3,1,2,43418100,41304100,TRUE
14092776:1,43505200,43505200,3,3,0,NA,43505200,43505200,TRUE
14092783:1,13113100,13113100,2,2,1,2,13113100,11203100,TRUE
14092788:1,23201100,23201100,2,3,0,NA,23201100,23201100,TRUE
14092791:1,13201102,13201102,3,3,0,NA,13201102,13201102,TRUE
14092794:1,11102100,11102100,2,2,1,1,11303102,11301100,TRUE
14092796:1,29204100,29204100,3,3,0,NA,29204100,29204100,TRUE
14092797:1,31909600,31909600,3,3,0,NA,31909600,31909600,TRUE
14092800:1,11902100,11902100,2,1,1,1,13107100,15119909,TRUE
14092804:1,29209900,29209900,3,2,1,1,29201200,31909300,TRUE
14092813:1,33302106,33302106,1,2,1,1,33302106,55101900,TRUE
14092815:1,49902101,49902101,2,2,1,2,49907100,49902101,TRUE
14092823:1,29112600,29112600,3,3,0,NA,29112600,29112600,TRUE
14092825:1,23101100,23101100,3,3,0,NA,23101100,23101100,TRUE
14092826:1,19301100,19301100,2,2,1,3,43911100,43601100,TRUE
14092835:1,53706200,51101100,2,2,1,2,53102100,53103100,FALSE
14092836:1,47203101,47203101,3,3,0,NA,47203101,47203101,TRUE
14092837:1,33101200,33101200,3,NA,1,3,33101200,NA,TRUE
14092838:1,15119912,25202100,3,1,1,2,25202100,39901100,FALSE
14092847:1,13116100,13116100,3,2,0,NA,13116100,13116100,TRUE
14092852:1,25202100,25202100,1,2,1,2,25309900,25205300,TRUE
14092853:1,29208100,29208100,3,3,0,NA,29208100,29208100,TRUE
14092856:1,43101100,43101100,1,2,1,2,43906100,43101100,TRUE
14092862:1,43601400,43601400,3,3,1,3,43601400,43906100,TRUE
14092864:1,43302102,43302102,2,2,1,2,43601200,43302101,TRUE
14092865:1,31101400,31101400,2,2,1,2,29114100,31101400,TRUE
14092867:1,19406100,19406100,3,2,1,3,53304100,13201101,TRUE
14092871:1,13104107,13104107,1,1,1,1,13104107,19305100,TRUE
14092872:1,11305100,17208101,1,2,1,1,17208101,51802100,FALSE
14092879:1,29114100,29114100,3,3,0,NA,29114100,29114100,TRUE
14092880:1,49302301,49302301,3,2,0,NA,49302301,49302301,TRUE
14092881:1,21101500,21101500,2,2,1,1,21101500,39902100,TRUE
14102007:1,43303100,43303100,2,2,1,2,43303100,43305100,TRUE
14102011:1,29114100,29114100,3,3,0,NA,29114100,29114100,TRUE
14102014:1,39901101,39901101,3,3,1,3,39901101,39901100,TRUE
14102019:1,29113100,29113100,3,3,0,NA,29113100,29113100,TRUE
14102032:1,41902100,41902100,3,3,1,3,41902200,41902100,TRUE
14102033:1,41101200,41101200,NA,2,1,1,NA,11102100,TRUE
14102050:1,13103102,13103102,2,3,1,3,13103101,13103102,TRUE
14102062:1,11101100,11101100,3,2,1,1,11101100,23101100,TRUE
14102069:1,43505200,43505200,3,3,0,NA,43505200,43505200,TRUE
14102078:1,17219904,17219904,2,2,1,2,17219904,17302600,TRUE
14102082:1,23101100,23101100,3,3,0,NA,23101100,23101100,TRUE
14102085:1,25903100,27302200,1,1,1,1,27304305,27302200,FALSE
14102086:1,15115100,15115100,2,2,0,NA,15115100,15115100,TRUE
14102088:1,53706200,53706200,3,2,1,2,43508103,53706200,TRUE
14102089:1,15112200,15112200,2,3,0,NA,15112200,15112200,TRUE
14102091:1,31909200,31909200,3,3,0,NA,31909200,31909200,TRUE
14102092:1,41101100,41401200,2,1,0,NA,41401200,41401200,FALSE
14102094:1,33101200,33101200,3,3,0,NA,33101200,33101200,TRUE
14102096:1,25101100,25101100,3,3,0,NA,25101100,25101100,TRUE
14102097:1,37201100,37201100,3,2,0,NA,37201100,37201100,TRUE
14112003:1,15112100,15112100,2,2,0,NA,15112100,15112100,TRUE
14112006:1,43502100,43502100,3,2,0,NA,43502100,43502100,TRUE
14112013:1,41101100,41101100,1,2,1,1,11202200,41101100,TRUE
14112017:1,27102500,27102500,3,3,1,3,27102500,17301101,TRUE
14112018:1,13203100,43101100,1,2,1,1,43101100,11102100,FALSE
14112021:1,47211100,47211100,3,3,0,NA,47211100,47211100,TRUE
14112027:1,15119912,23201100,1,2,0,NA,23201100,23201100,FALSE
14112028:1,33903200,33903200,3,3,0,NA,33903200,33903200,TRUE
14112030:1,47206100,47206100,3,2,0,NA,47206100,47206100,TRUE
14112036:1,27102600,27102600,2,2,1,2,27102600,41401200,TRUE
16022010:1,11901302,11901302,3,2,0,NA,11901302,11901302,TRUE
2011016:1,25904100,25904100,3,3,0,NA,25904100,25904100,TRUE
2011045:1,11303102,11303102,1,2,1,1,11305100,11303102,TRUE
2021013:1,11305101,11305101,2,3,1,1,11305101,15119901,TRUE
2021017:1,41903100,41903100,1,2,1,1,41903100,17213100,TRUE
2021095:1,39902100,39902100,3,3,1,3,39902100,31101100,TRUE
2021108:1,17101100,17101100,3,3,0,NA,17101100,17101100,TRUE
2021127:1,21101900,21101900,2,2,1,1,25302100,21101900,TRUE
2021195:1,25202100,25203100,3,2,1,2,25202100,25202200,FALSE
2031013:1,11313100,13206100,2,2,1,2,13206100,13104107,FALSE
2041003:1,25903101,25903101,2,3,1,2,13115100,25903101,TRUE
2041005:1,25201200,25202200,1,2,1,2,25205200,25202200,FALSE
2041101:1,15112100,29106910,1,3,1,2,15112100,15114200,FALSE
2041102:1,41203100,41203100,2,2,0,NA,41203100,41203100,TRUE
2051041:1,17207100,17207100,1,2,1,1,15119900,17201100,TRUE
2051093:1,41401100,41401100,3,3,1,3,41401100,41401200,TRUE
2051147:1,43601400,43601400,3,3,0,NA,43601400,43601400,TRUE
2051178:1,23101100,23101100,3,3,0,NA,23101100,23101100,TRUE
2061003:1,31101100,31101100,2,3,1,2,31101100,39902100,TRUE
2061080:1,51906100,51403500,2,3,1,2,51403500,51401100,FALSE
2061093:1,39902100,39902100,2,3,0,NA,39902100,39902100,TRUE
2061101:1,41201100,41201100,3,3,0,NA,41201100,41201100,TRUE
2061126:1,41401200,41401200,3,3,0,NA,41401200,41401200,TRUE
2061150:1,NA,NA,NA,NA,1,NA,NA,NA,TRUE
2071028:1,41101100,41101100,2,2,1,2,41101100,43405100,TRUE
2071032:1,47101100,47101100,2,3,0,NA,47101100,47101100,TRUE
2071074:1,11914100,11914100,2,3,0,NA,11914100,11914100,TRUE
2071082:1,43508103,43508103,2,2,1,2,43508103,43415100,TRUE
2071088:1,11102100,11102100,1,1,1,1,11102100,11307102,TRUE
2071103:1,41203100,41203100,3,3,0,NA,41203100,41203100,TRUE
2071104:1,23102300,23102300,2,3,0,NA,23102300,23102300,TRUE
2071185:1,25402100,25402100,3,3,0,NA,25402100,25402100,TRUE
2081029:1,13115100,13115100,2,2,0,NA,13115100,13115100,TRUE
2081139:1,43601400,43601400,3,3,0,NA,43601400,43601400,TRUE
2081150:1,13102200,13102200,3,3,1,2,11306100,13102200,TRUE
2081154:1,43508101,29114100,3,3,1,3,43508101,53706200,FALSE
2091002:1,43906100,43906100,1,2,1,1,43906100,11903300,TRUE
2091032:1,27304100,21202100,1,1,1,1,27201205,27201202,FALSE
2091101:1,11102100,11102100,2,2,0,NA,11102100,11102100,TRUE
2091126:1,43906100,43906100,2,2,1,2,43906100,43902100,TRUE
2101003:1,15113100,15113100,2,2,1,2,15114100,15113100,TRUE
2101110:1,43303100,43303100,3,2,0,NA,43303100,43303100,TRUE
2101176:1,13113100,13113100,1,2,1,1,13113100,11203100,TRUE
2111157:1,43904101,43904101,2,2,1,1,43906100,43904101,TRUE
2111176:1,13201101,43303100,3,2,0,NA,43303100,43303100,FALSE
2121041:1,37201100,37201100,2,2,1,2,37201100,37301100,TRUE
2121056:1,47101100,49907100,2,2,0,NA,49907100,49907100,FALSE
2121061:1,25402100,25402100,3,2,0,NA,25402100,25402100,TRUE
2121064:1,43306100,43306100,2,2,1,2,43306100,43415100,TRUE
2121102:1,41203100,41203100,3,2,0,NA,41203100,41203100,TRUE
2121165:1,27309900,27309900,2,2,1,1,27309900,27201203,TRUE
2121172:1,23101100,23101100,3,3,0,NA,23101100,23101100,TRUE
3011031:1,29114100,29114100,3,2,0,NA,29114100,29114100,TRUE
3011066:1,11101100,11101100,2,2,0,NA,11101100,11101100,TRUE
3011083:1,43407100,43407100,2,2,1,2,43906100,43407100,TRUE
3011185:1,13202102,13202102,3,2,0,NA,13202102,13202102,TRUE
3021025:1,43601400,43601400,3,2,0,NA,43601400,43601400,TRUE
3021034:1,43305100,43305100,2,2,1,2,43416100,43305100,TRUE
3021037:1,47203101,47203101,2,2,1,2,47203101,47101100,TRUE
3021101:1,41302100,41302100,2,2,0,NA,41302100,41302100,TRUE
3031047:1,27302200,27302200,2,3,1,2,27304305,27302200,TRUE
3031201:1,43415100,43415100,2,3,0,NA,43415100,43415100,TRUE
3041064:1,11101100,11101100,3,3,0,NA,11101100,11101100,TRUE
3041114:1,13205300,13205300,3,3,0,NA,13205300,13205300,TRUE
3051089:1,39201100,39201100,3,3,0,NA,39201100,39201100,TRUE
3051204:1,29114100,29114100,2,2,0,NA,29114100,29114100,TRUE
3061016:1,11903900,29114104,2,2,1,2,11102100,45101108,FALSE
3061020:1,33903200,33903200,3,3,0,NA,33903200,33903200,TRUE
3071007:1,39902100,39902100,3,3,0,NA,39902100,39902100,TRUE
3071010:1,17207100,17207100,2,3,0,NA,17207100,17207100,TRUE
3071023:1,25112100,25112100,3,3,0,NA,25112100,25112100,TRUE
3071025:1,41101200,41101200,1,3,0,NA,41101200,41101200,TRUE
3071045:1,39902100,39902100,3,3,0,NA,39902100,39902100,TRUE
3071097:1,11911100,29119900,2,1,1,2,29114104,11911100,FALSE
3071118:1,21101300,21101300,3,3,0,NA,21101300,21101300,TRUE
3071188:1,25108100,25108100,3,2,1,2,25108100,25104200,TRUE
3081026:1,35101100,35101100,2,3,0,NA,35101100,35101100,TRUE
3081028:1,21201100,21201100,3,3,0,NA,21201100,21201100,TRUE
3081149:1,11312100,11312100,3,2,0,NA,11312100,11312100,TRUE
3081161:1,11303101,11303101,1,3,0,NA,11303101,11303101,TRUE
3091018:1,25309900,25309900,3,3,0,NA,25203100,25203100,TRUE
3091123:1,23101100,23101100,3,3,0,NA,23101100,23101100,TRUE
3091156:1,43505200,43505200,3,3,0,NA,43505200,43505200,TRUE
3101073:1,29113100,29113100,3,3,0,NA,29113100,29113100,TRUE
3101074:1,43601100,43601100,2,3,1,3,43906100,43601100,TRUE
3101102:1,41203100,41203100,3,3,1,2,41203100,43508101,TRUE
3101163:1,43405100,43405100,3,2,0,NA,43405100,43405100,TRUE
3111015:1,11914100,11914100,3,3,0,NA,11914100,11914100,TRUE
3111050:1,41203100,41203100,2,1,1,2,41203100,41201100,TRUE
3111087:1,37201100,37201100,3,3,0,NA,37201100,37201100,TRUE
3111182:1,43601400,43601400,2,3,1,2,43601400,43601100,TRUE
3111195:1,43906100,43906100,3,2,0,NA,43906100,43906100,TRUE
3121021:1,35201100,35201100,1,2,1,3,35201100,35101200,TRUE
3121027:1,29106700,29106700,3,2,1,2,29106911,25107100,TRUE
3121041:1,43503200,43503200,3,3,0,NA,43503200,43503200,TRUE
3121079:1,13201102,13201102,3,3,0,NA,13201102,13201102,TRUE
3121121:1,31909900,31909900,1,1,1,1,43906100,31909900,TRUE
4081092:1,29112200,29112200,3,3,0,NA,29112200,29112200,TRUE
4091008:1,49907100,49907100,2,3,1,2,49907100,17205100,TRUE
4091065:1,25203100,25203100,1,2,0,NA,25203100,25203100,TRUE
4091081:1,33305101,33305101,2,3,0,NA,33305101,33305101,TRUE
4091129:1,11101100,13205200,3,3,1,3,13205200,11303101,FALSE
4091132:1,23102100,23102100,3,3,0,NA,23102100,23102100,TRUE
4101120:1,11902100,11902100,3,3,0,NA,11902100,11902100,TRUE
4101181:1,15112100,15112100,2,2,0,NA,15112100,15112100,TRUE
4101208:1,11303102,11303102,3,2,0,NA,11303102,11303102,TRUE
4111010:1,29203200,29203200,2,3,1,3,29201100,29203200,TRUE
4111033:1,19202100,19202100,3,3,0,NA,19202100,19202100,TRUE
4111057:1,25101100,25101100,3,3,0,NA,25101100,25101100,TRUE
4121061:1,27201201,27201201,3,3,0,NA,27201201,27201201,TRUE
4121098:1,25203100,25203100,3,2,0,NA,25203100,25203100,TRUE
5011103:1,13111100,13111100,1,2,1,1,13209901,13111100,TRUE
5021056:1,51401100,51401100,2,2,0,NA,51401100,51401100,TRUE
5021126:1,53302200,53606100,1,3,1,3,39901100,53606100,FALSE
5021143:1,41401100,41401100,2,3,0,NA,41401100,41401100,TRUE
5021179:1,11903300,11903300,2,3,0,NA,11903300,11903300,TRUE
5031072:1,35101100,35101100,3,2,1,3,35101100,35201400,TRUE
5031115:1,23101100,23101100,2,2,1,1,11101100,11102100,TRUE
5041011:1,13111100,13111100,3,1,0,NA,13111100,13111100,TRUE
5041024:1,11101100,13201101,3,3,0,NA,13201101,13201101,FALSE
5041094:1,53203100,53203100,3,3,0,NA,53203100,53203100,TRUE
5051010:1,17205100,17205100,3,3,1,2,17301101,17205100,TRUE
5051095:1,47211100,47211100,3,3,0,NA,47211100,47211100,TRUE
5061084:1,25112200,25112200,1,2,1,2,25108100,25112200,TRUE
5061113:1,29105100,29105100,3,3,0,NA,29105100,29105100,TRUE
5061158:1,43511100,43511100,2,3,1,1,43508103,43511100,TRUE
5061167:1,53303300,53303300,3,3,0,NA,53303300,53303300,TRUE
5071026:1,35101100,35101100,NA,2,1,2,NA,35101100,TRUE
5071132:1,21101400,21101400,3,2,0,NA,21101400,21101400,TRUE
5071200:1,11914100,11914100,1,2,1,2,11914100,41902100,TRUE
5081128:1,35304100,35304100,3,3,1,3,35304100,35303100,TRUE
5091122:1,41902200,41902200,3,3,0,NA,41902200,41902200,TRUE
5091125:1,43601400,43601400,3,3,0,NA,43601400,43601400,TRUE
5091183:1,25203100,25203100,1,2,1,2,25203100,25202200,TRUE
5101024:1,31101100,31101100,2,3,0,NA,31101100,31101100,TRUE
5101045:1,41203100,49907100,1,1,1,1,49907100,49902101,FALSE
5101084:1,13116100,13116100,1,3,1,1,13116100,11202100,TRUE
5101092:1,25202100,25202100,3,3,0,NA,25202100,25202100,TRUE
5101112:1,53302100,53302100,3,3,0,NA,53302100,53302100,TRUE
5101123:1,21201100,21201100,3,3,0,NA,21201100,21201100,TRUE
5101183:1,13116100,13116100,3,3,0,NA,13116100,13116100,TRUE
5101188:1,29205500,29205500,3,3,0,NA,29205500,29205500,TRUE
5111159:1,51511100,51511100,3,3,0,NA,51511100,51511100,TRUE
5121056:1,13201101,13111100,3,2,1,1,13111100,43303100,FALSE
6011068:1,11102100,11102100,1,3,0,NA,11102100,11102100,TRUE
6011136:1,25302100,25302100,3,3,0,NA,25302100,25302100,TRUE
6021034:1,13115100,13115100,NA,NA,1,1,NA,NA,TRUE
6021044:1,51101100,51101100,2,2,1,2,43101100,51101100,TRUE
6021073:1,19102100,19102100,2,3,0,NA,19102100,19102100,TRUE
6021079:1,21109300,21109300,1,1,1,1,21109300,11914100,TRUE
6021100:1,51912100,51912100,2,3,1,1,51511200,51912100,TRUE
6021203:1,25107200,25107200,3,3,0,NA,25107200,25107200,TRUE
6031022:1,13107100,13107100,1,2,1,1,13107100,11312100,TRUE
6031161:1,13201101,13201101,3,3,0,NA,13201101,13201101,TRUE
6041077:1,43303100,43302102,3,2,0,NA,43302102,43302102,FALSE
6041164:1,41203100,41203100,3,3,0,NA,41203100,41203100,TRUE
6041194:1,43601400,43601400,3,2,0,NA,43601400,43601400,TRUE
6051071:1,11101100,11101100,1,1,1,1,11312100,11101100,TRUE
6051103:1,25904100,25904100,3,3,0,NA,25904100,25904100,TRUE
6051123:1,17302100,17302100,3,3,1,1,17302100,51906100,TRUE
6051124:1,43508103,43508103,3,3,0,NA,43508103,43508103,TRUE
6051201:1,23201100,23201100,3,3,0,NA,23201100,23201100,TRUE
6061123:1,11915100,11915100,3,2,0,NA,11915100,11915100,TRUE
6061127:1,19102200,19102200,3,3,0,NA,19102200,19102200,TRUE
6061138:1,53705100,53705100,2,2,1,2,53705100,35302100,TRUE
6061151:1,25112300,25112300,3,3,0,NA,25112300,25112300,TRUE
6071043:1,39902100,39902100,3,3,0,NA,39902100,39902100,TRUE
6071152:1,43417100,43417100,3,3,0,NA,43417100,43417100,TRUE
6071169:1,43405100,43405100,1,NA,1,1,43405100,NA,TRUE
6071171:1,17302200,17302200,3,3,0,NA,17302200,17302200,TRUE
6071176:1,41401200,41401200,1,1,0,NA,41401200,41401200,TRUE
6081023:1,19103102,19103102,1,3,0,NA,19103102,19103102,TRUE
6081063:1,51401100,51401100,3,3,1,2,51903200,51404100,TRUE
6081096:1,53203100,53203100,3,3,0,NA,53203100,53203100,TRUE
6081128:1,41203100,41401200,3,2,1,2,41401100,41401200,FALSE
6081134:1,11904100,11904100,1,3,0,NA,11904100,11904100,TRUE
6081143:1,11903200,11903200,3,2,1,3,11903200,11903300,TRUE
6081159:1,11916100,13201101,3,3,0,NA,13201101,13201101,FALSE
6081169:1,25101100,25101100,3,3,0,NA,25101100,25101100,TRUE
6081197:1,21201100,21201100,3,3,0,NA,21201100,21201100,TRUE
6091024:1,25203100,25203100,3,3,1,3,25203100,25102200,TRUE
6091113:1,11303102,11303102,2,2,1,2,11303102,11102100,TRUE
6101005:1,43906100,43906100,2,2,1,2,43906100,43407100,TRUE
6101026:1,43906100,43906100,1,2,1,1,43906100,11203100,TRUE
6101085:1,11305101,17207100,1,2,1,1,17211200,17207100,FALSE
6101093:1,13201101,29201101,2,3,1,3,13201101,43403102,FALSE
6111017:1,43101100,43101100,2,3,1,2,11102100,43101100,TRUE
6111022:1,21102300,21102300,2,2,1,1,21102300,29106600,TRUE
6111040:1,31909200,31909200,3,2,0,NA,31909200,31909200,TRUE
6111056:1,43101100,43101100,1,2,1,2,43101100,41101200,TRUE
6111060:1,13111100,13111100,2,1,1,1,13111100,25903101,TRUE
6111064:1,25201100,25201100,3,3,0,NA,25201100,25201100,TRUE
6111098:1,11919902,11919902,3,3,0,NA,11919902,11919902,TRUE
6111107:1,53303200,53303200,2,3,0,NA,53303200,53303200,TRUE
6111126:1,11202200,11202200,2,NA,1,1,11202200,NA,TRUE
6111149:1,11202200,33102101,3,3,1,3,41401100,11202200,FALSE
6111171:1,49309200,49309200,2,3,1,3,47222100,49309200,TRUE
6111183:1,11903200,11903200,3,2,0,NA,11903200,11903200,TRUE
6111186:1,43507100,43507100,3,3,0,NA,43507100,43507100,TRUE
6111187:1,29114100,29114100,3,3,0,NA,29114100,29114100,TRUE
6111190:1,41101200,41101200,3,3,1,3,41101200,11202200,TRUE
6111193:1,21102100,21102100,3,2,1,3,21102100,21109900,TRUE
6111204:1,11202100,11202100,2,2,1,2,11202100,11201100,TRUE
6121022:1,29207100,29207100,2,3,0,NA,29207100,29207100,TRUE
6121027:1,11919902,11919902,3,1,1,1,11919902,17214100,TRUE
6121053:1,21201100,21201100,3,2,0,NA,21201100,21201100,TRUE
6121055:1,31101400,31101400,3,3,0,NA,31101400,31101400,TRUE
6121060:1,25402100,25402100,1,3,1,2,27303100,25402100,TRUE
6121070:1,43101100,11915100,3,2,1,2,11915100,21109300,FALSE
6121166:1,43101100,43101100,3,3,0,NA,43101100,43101100,TRUE
6121176:1,43601400,43601400,3,3,0,NA,43601400,43601400,TRUE
6121189:1,35303100,35303100,3,3,0,NA,35303100,35303100,TRUE
6121192:1,29101100,29101100,3,3,0,NA,29101100,29101100,TRUE
7011007:1,15114300,15114300,2,3,1,2,15114300,15115200,TRUE
7011021:1,23102100,23102100,3,3,0,NA,23102100,23102100,TRUE
7011024:1,43507100,43507100,2,2,1,1,41203100,43507100,TRUE
7011027:1,11912101,11912101,1,2,1,1,29909900,11912101,TRUE
7011032:1,11904100,11904100,3,3,0,NA,11904100,11904100,TRUE
7011080:1,11101100,11101100,2,3,1,2,11101100,11202200,TRUE
7011098:1,13208200,13208200,3,3,0,NA,13208200,13208200,TRUE
7011106:1,11916100,11916100,1,2,0,NA,11916100,11916100,TRUE
7011125:1,15204100,15204100,2,2,1,2,15204100,19301100,TRUE
7011129:1,17302600,17302600,1,2,1,1,15119908,17302600,TRUE
7011130:1,41201100,41201100,3,2,1,2,11202200,41201100,TRUE
7011174:1,15119909,15119909,NA,1,1,1,NA,15119909,TRUE
7011184:1,49907100,49907100,3,3,1,3,49907100,47203101,TRUE
7011196:1,43601400,43601400,3,1,0,NA,43601400,43601400,TRUE
7021008:1,19204100,19204100,2,2,1,2,19204100,19409100,TRUE
7021010:1,43405100,43405100,3,3,0,NA,43405100,43405100,TRUE
7021021:1,43601400,43601400,3,2,1,2,43601400,43906100,TRUE
7021038:1,23101100,23101100,3,3,0,NA,23101100,23101100,TRUE
7021039:1,25203100,25203100,3,3,0,NA,25203100,25203100,TRUE
7021040:1,25403100,25403100,3,3,0,NA,25403100,25403100,TRUE
7021048:1,43303100,43303100,3,3,0,NA,43303100,43303100,TRUE
7021078:1,13116100,13116100,2,2,0,NA,13116100,13116100,TRUE
7021090:1,25112300,25112300,1,2,1,2,25112300,25104200,TRUE
7021120:1,17101100,17101100,3,3,0,NA,17101100,17101100,TRUE
7021126:1,21102100,21102100,1,2,1,1,43906100,11915100,TRUE
7021141:1,13111100,13111100,1,2,1,2,11313100,13119904,TRUE
7021178:1,37101100,37101100,3,3,0,NA,37101100,37101100,TRUE
7021180:1,41203100,51704200,2,1,1,1,41203100,51704200,FALSE
7021198:1,15115100,15115100,2,3,1,2,15115100,15115200,TRUE
7031004:1,11307100,13115100,NA,1,1,1,NA,13115100,FALSE
7031036:1,43906100,43906100,2,2,1,2,43906100,19409200,TRUE
7031054:1,37201200,37201200,3,3,0,NA,37201200,37201200,TRUE
7031059:1,53706200,53706200,2,2,1,1,41203100,53706200,TRUE
7031073:1,51404100,51404100,2,3,1,3,51401100,51404100,TRUE
7031083:1,43505300,43505300,3,3,1,3,43505300,43505100,TRUE
7031108:1,41101100,11102100,2,1,1,2,11312100,11101100,FALSE
7031111:1,23101100,23101100,3,3,0,NA,23101100,23101100,TRUE
7031119:1,13201101,13201101,3,2,0,NA,13201101,13201101,TRUE
7031142:1,11903300,11903300,1,1,1,1,43906100,27201202,TRUE
7031157:1,25112300,25112300,1,2,1,1,25112300,25105200,TRUE
7031162:1,25202100,25202100,3,3,1,3,25202100,25202200,TRUE
7031193:1,53201100,53201100,3,3,0,NA,53201100,53201100,TRUE
7031194:1,11202200,11202200,1,2,1,2,11202200,11102100,TRUE
7041015:1,11101100,11101100,2,3,0,NA,11101100,11101100,TRUE
7041026:1,41302100,41302100,3,3,0,NA,41302100,41302100,TRUE
7041038:1,43307100,43307100,1,2,1,1,41303102,43307100,TRUE
7041043:1,25302100,25302100,1,1,1,1,25302100,11313100,TRUE
7041089:1,51801300,51801300,2,3,0,NA,51801300,51801300,TRUE
7041093:1,13111100,13111100,1,2,0,NA,13111100,13111100,TRUE
7041126:1,27102400,27102400,3,3,0,NA,27102400,27102400,TRUE
7041161:1,53302200,53302200,3,3,0,NA,53302200,53302200,TRUE
7041170:1,29112300,29901100,3,1,1,3,29901200,29901100,FALSE
7041202:1,13203100,13203100,3,3,0,NA,13203100,13203100,TRUE
7041205:1,11903200,11903200,3,3,0,NA,11903200,11903200,TRUE
7051011:1,25903101,53201100,1,2,1,1,53201100,25903101,FALSE
7051018:1,29202100,29202100,3,3,0,NA,29202100,29202100,TRUE
7051020:1,35101200,35101200,2,2,1,2,11905100,35101100,TRUE
7051027:1,25401100,25401100,3,3,0,NA,25401100,25401100,TRUE
7051040:1,33305101,33302101,3,3,0,NA,33302101,33302101,FALSE
7051053:1,11312100,11312100,1,2,1,3,11101100,11312100,TRUE
7051054:1,39202100,39202100,3,3,0,NA,39202100,39202100,TRUE
7051057:1,43906100,43906100,2,1,1,1,43906100,15114100,TRUE
7051069:1,21102300,21102300,1,3,1,2,21101900,21102300,TRUE
7051129:1,13205300,13205300,3,2,0,NA,13205300,13205300,TRUE
7051157:1,25203100,25203100,2,3,1,2,25203100,25202100,TRUE
7051182:1,43601400,43506100,2,3,0,NA,43506100,43506100,FALSE
7051186:1,29114100,29114100,3,3,0,NA,29114100,29114100,TRUE
7051188:1,39202100,39202100,3,3,0,NA,39202100,39202100,TRUE
7051205:1,29114104,29114104,2,2,1,1,29114104,43904101,TRUE
7061001:1,43601400,21101200,1,1,1,1,21101200,43601400,FALSE
7061052:1,25203100,25203100,2,1,1,2,25203100,11903200,TRUE
7061055:1,47101100,47101100,2,2,0,NA,47101100,47101100,TRUE
7061097:1,15119907,15119907,2,1,1,1,15119907,43911100,TRUE
7061133:1,43101100,43101100,2,2,0,NA,43101100,43101100,TRUE
7061153:1,13115100,13115100,NA,2,1,1,NA,13115100,TRUE
7061163:1,41203100,41203100,1,1,1,1,51605200,41203100,TRUE
7061215:1,25203100,25203100,3,3,0,NA,25203100,25203100,TRUE
7071024:1,43405100,49101100,2,2,1,1,43405100,49101100,FALSE
7071040:1,19303103,29106600,2,1,1,1,11101100,19303103,FALSE
7071049:1,29204100,29204100,3,3,0,NA,29204100,29204100,TRUE
7071070:1,11303102,11303102,2,2,1,1,13201101,11303102,TRUE
7071071:1,43508101,43508101,3,3,0,NA,43508101,43508101,TRUE
7071074:1,15113200,15113200,3,2,1,3,15113200,15113300,TRUE
7071100:1,29205700,29205700,2,3,0,NA,29205700,29205700,TRUE
7071124:1,13115100,15119908,3,3,1,2,15119908,15203100,FALSE
7071135:1,27304200,27304200,3,3,0,NA,27304200,27304200,TRUE
7071148:1,13112100,13112100,2,3,0,NA,13112100,13112100,TRUE
7071190:1,25402100,27303100,3,2,0,NA,27303100,27303100,FALSE
7071202:1,13207200,13207200,2,2,1,2,41302100,43904102,TRUE
7081008:1,43101100,43101100,2,3,0,NA,43101100,43101100,TRUE
7081014:1,11201100,11201100,1,1,0,NA,11201100,11201100,TRUE
7081019:1,41401200,41401200,3,3,0,NA,41401200,41401200,TRUE
7081086:1,25102200,25102200,3,3,0,NA,25102200,25102200,TRUE
7081088:1,13119906,NA,1,2,1,NA,27102400,15113400,FALSE
7081097:1,13107100,11202200,1,2,1,1,11202200,13107100,FALSE
7081105:1,13201101,13201101,3,3,0,NA,13201101,13201101,TRUE
7081130:1,13115100,13115100,1,NA,1,1,13115100,NA,TRUE
7081164:1,25904100,25904100,2,1,1,2,25904100,11903200,TRUE
7081176:1,11903200,11903200,3,2,0,NA,11903200,11903200,TRUE
7081186:1,53302200,53302200,3,2,0,NA,53302200,53302200,TRUE
7081188:1,45209300,45209300,2,3,1,2,45209300,39202100,TRUE
7081192:1,11902100,11902100,2,3,1,2,11902100,47211100,TRUE
7081201:1,13205300,13205300,3,3,0,NA,13205300,13205300,TRUE
7091004:1,43906100,43906100,3,3,0,NA,43906100,43906100,TRUE
7091009:1,25205400,25205400,3,2,1,3,25205400,25205300,TRUE
7091039:1,19303103,19303103,3,3,0,NA,19303103,19303103,TRUE
7091076:1,11904100,11904100,3,3,1,2,17205100,11102100,TRUE
7091080:1,11919902,11919902,3,3,0,NA,11919902,11919902,TRUE
7091087:1,29201200,29201200,3,3,1,3,29201200,29201100,TRUE
7091108:1,11202100,11202100,2,3,0,NA,11202100,11202100,TRUE
7091114:1,25904100,25904100,3,3,0,NA,25904100,25904100,TRUE
7091126:1,25903100,25903100,1,3,1,2,25301100,25903100,TRUE
7091136:1,43405100,43405100,3,2,0,NA,43405100,43405100,TRUE
7091158:1,29202100,29202100,3,3,0,NA,29202100,29202100,TRUE
7091173:1,17302908,17302908,2,3,1,2,17302908,51906100,TRUE
7091176:1,11102100,11102100,2,3,0,NA,11102100,11102100,TRUE
7091187:1,11911100,11911100,1,1,0,NA,11911100,11911100,TRUE
7091190:1,41101100,41101100,3,3,0,NA,41101100,41101100,TRUE
7091195:1,21102100,21102100,1,3,1,1,21102100,43906100,TRUE
7101007:1,41203100,41203100,3,3,1,3,41203100,41201100,TRUE
7101016:1,43508103,43508103,3,3,0,NA,43508103,43508103,TRUE
7101041:1,43101100,43101100,2,2,1,2,43101100,11301100,TRUE
7101050:1,27303100,27303100,2,2,1,2,27303100,11203100,TRUE
7101104:1,11915100,11915100,2,2,0,NA,11915100,11915100,TRUE
7101110:1,43904101,43904101,2,3,1,3,43301100,43904101,TRUE
7101116:1,17202100,17202100,2,2,1,2,19102001,17202100,TRUE
7101117:1,41401200,41401200,3,2,0,NA,41401200,41401200,TRUE
7101123:1,15119909,15119909,2,1,1,2,15119909,11303102,TRUE
7101133:1,25203200,25203200,2,2,0,NA,25203200,25203200,TRUE
7101144:1,23209300,23209300,1,2,1,1,23209300,43908100,TRUE
7101150:1,43601400,43601400,3,3,0,NA,43601400,43601400,TRUE
7101157:1,47101100,47101100,2,3,0,NA,47101100,47101100,TRUE
7101163:1,19309400,19309400,2,1,1,2,19301100,19309400,TRUE
7101193:1,31101100,31101100,3,3,0,NA,31101100,31101100,TRUE
7111005:1,27309900,27309900,3,2,1,2,27303100,13116100,TRUE
7111013:1,15112200,15112200,3,3,0,NA,15112200,15112200,TRUE
7111014:1,15201100,15201100,2,2,0,NA,15201100,15201100,TRUE
7111018:1,11101100,13111100,1,1,1,1,13119900,13111100,FALSE
7111035:1,43601400,43601400,3,3,0,NA,43601400,43601400,TRUE
7111038:1,39902100,39902100,3,2,1,2,31101100,39902100,TRUE
7111054:1,41101100,41101100,1,2,1,1,11102100,41101100,TRUE
7111074:1,47215201,47215201,3,3,0,NA,47215201,47215201,TRUE
7111087:1,43406100,43406100,2,3,0,NA,43406100,43406100,TRUE
7111088:1,51906100,51906100,2,3,1,1,19409901,51906100,TRUE
7111097:1,21101300,19303103,2,3,0,NA,19303103,19303103,FALSE
7111117:1,19305100,19305100,2,2,0,NA,19305100,19305100,TRUE
7111126:1,25904100,25904100,3,3,0,NA,25904100,25904100,TRUE
7111159:1,51101100,51101100,1,2,1,3,51101100,29901200,TRUE
7111162:1,11102100,41401100,1,2,1,1,11102100,11307102,FALSE
7111181:1,13113100,13113100,3,3,0,NA,13113100,13113100,TRUE
7111183:1,43904101,41401100,2,2,1,1,43904101,13103102,FALSE
7111186:1,13119906,13119906,2,2,0,NA,13119906,13119906,TRUE
7111196:1,37201200,37201200,3,3,0,NA,37201200,37201200,TRUE
7111200:1,43904102,43904102,1,3,1,1,43301100,43904102,TRUE
7121007:1,25302100,25302100,3,2,0,NA,25302100,25302100,TRUE
7121040:1,15119909,15119909,1,2,1,1,15119909,11102100,TRUE
7121085:1,11919900,11919900,3,2,1,1,11919900,11303102,TRUE
7121091:1,13114100,13114100,1,2,1,3,13114100,13107100,TRUE
7121095:1,21102200,21102200,2,3,0,NA,21102200,21102200,TRUE
7121096:1,11303102,11303102,3,2,0,NA,11303102,11303102,TRUE
7121115:1,29114100,29114100,3,3,0,NA,29114100,29114100,TRUE
7121123:1,29107100,29106200,2,2,1,1,31909200,29207100,FALSE
7121131:1,43601200,43601200,2,3,1,2,43601200,23201100,TRUE
7121155:1,11905100,11905100,2,3,0,NA,11905100,11905100,TRUE
7121158:1,51202200,51202200,2,3,0,NA,51202200,51202200,TRUE
7121182:1,37201200,37201200,3,3,0,NA,37201200,37201200,TRUE
8011008:1,43406100,43406100,3,3,0,NA,43406100,43406100,TRUE
8011012:1,25301100,43906100,2,2,1,2,43101100,43906100,FALSE
8011021:1,43601200,43601200,3,3,0,NA,43601200,43601200,TRUE
8011022:1,39901101,39901101,NA,3,1,1,NA,39901101,TRUE
8011027:1,25108100,25108100,2,3,0,NA,25108100,25108100,TRUE
8011030:1,21102100,21102100,1,1,1,1,43906100,11915100,TRUE
8011042:1,15115100,43405100,3,3,1,3,43405100,15115200,FALSE
8011050:1,13115100,13115100,3,3,0,NA,13115100,13115100,TRUE
8011066:1,21101200,21101200,3,3,0,NA,21101200,21101200,TRUE
8011071:1,13115100,13115100,3,2,0,NA,13115100,13115100,TRUE
8011099:1,41203100,41203100,1,2,0,NA,41203100,41203100,TRUE
8011115:1,29114100,29114100,3,3,0,NA,29114100,29114100,TRUE
8011171:1,15115100,43403102,1,2,1,2,15115100,15112100,FALSE
8011177:1,37101100,37101100,2,3,1,2,37101200,37101100,TRUE
8021008:1,15114300,15114300,2,3,0,NA,15114300,15114300,TRUE
8021033:1,47214100,47214100,3,3,0,NA,47214100,47214100,TRUE
8021079:1,11303101,11303101,2,3,0,NA,11303101,11303101,TRUE
8021081:1,43101100,29114100,3,3,0,NA,29114100,29114100,FALSE
8021087:1,35302100,35302100,2,3,1,3,35201200,35202100,TRUE
8021091:1,11903900,21109300,1,2,1,1,13104107,21109300,FALSE
8021107:1,13119906,13119906,1,2,1,1,41401200,41203100,TRUE
8021126:1,11201100,11201100,2,NA,1,2,11201100,NA,TRUE
8021130:1,11102100,11102100,3,3,0,NA,11102100,11102100,TRUE
8021131:1,43503100,43503100,2,2,0,NA,43503100,43503100,TRUE
8021139:1,13201101,13201101,3,3,0,NA,13201101,13201101,TRUE
8021147:1,11902100,11902100,3,2,1,2,11902100,17101100,TRUE
8021154:1,43601400,43601400,3,3,0,NA,43601400,43601400,TRUE
8021166:1,15112200,15112200,1,3,0,NA,15112200,15112200,TRUE
8021168:1,11307102,11307102,1,2,0,NA,11307102,11307102,TRUE
8021180:1,41201100,41201100,3,3,0,NA,41201100,41201100,TRUE
8021184:1,27201201,27201201,3,3,0,NA,27201201,27201201,TRUE
8031030:1,25119400,25119400,3,3,0,NA,25119400,25119400,TRUE
8031038:1,29204100,29204100,3,3,0,NA,29204100,29204100,TRUE
8031106:1,51301100,51301100,2,3,0,NA,51301100,51301100,TRUE
8031111:1,17207200,17207200,1,2,1,1,17207200,17302902,TRUE
8031120:1,13201101,43405100,3,2,1,3,13201101,13205100,FALSE
8031149:1,11303101,11303101,3,3,0,NA,11303101,11303101,TRUE
8041016:1,51209200,51209200,2,3,0,NA,51209200,51209200,TRUE
8041017:1,25202200,25202200,3,3,0,NA,25202200,25202200,TRUE
8041067:1,43601400,43601400,2,2,1,2,43601400,43601300,TRUE
8041079:1,17214100,17214100,2,2,0,NA,17214100,17214100,TRUE
8041142:1,23201100,23201100,3,3,0,NA,23201100,23201100,TRUE
8041186:1,43601400,43601400,3,3,0,NA,43601400,43601400,TRUE
8041204:1,11312100,11312100,3,2,0,NA,11312100,11312100,TRUE
8051025:1,21102100,21102100,1,2,1,1,25309900,21102100,TRUE
8051035:1,53401100,53401100,3,3,0,NA,53401100,53401100,TRUE
8051036:1,13119906,13119906,1,2,1,1,11102100,41203100,TRUE
8051038:1,21102300,21102300,3,3,0,NA,21102300,21102300,TRUE
8051080:1,39903100,39903100,2,3,0,NA,39903100,39903100,TRUE
8051096:1,43101100,43101100,3,3,1,1,43101100,11202200,TRUE
8051114:1,51915100,51915100,2,3,1,2,51915100,27402100,TRUE
8051144:1,25309900,25309900,3,3,0,NA,25203100,25202200,TRUE
8051169:1,29113100,29113100,3,3,0,NA,29113100,29113100,TRUE
8051171:1,11303102,11303102,2,3,0,NA,11303102,11303102,TRUE
8051177:1,43906100,31909200,2,2,0,NA,31909200,31909200,FALSE
8051199:1,43302102,43302102,2,3,0,NA,43302102,43302102,TRUE
8051201:1,11303101,11303101,3,3,0,NA,11303101,11303101,TRUE
8061035:1,25904100,25904100,2,2,0,NA,25904100,25904100,TRUE
8061037:1,15112200,15112200,3,2,1,3,15112200,15114200,TRUE
8061038:1,15203100,15203100,1,2,1,2,13119900,15203100,TRUE
8061040:1,29206100,43601300,2,3,1,1,29206100,43601300,FALSE
8061044:1,13119906,13119906,2,2,0,NA,13119906,13119906,TRUE
8061057:1,29201100,29201100,3,3,1,3,29201100,29201200,TRUE
8061068:1,25107200,25107200,3,3,0,NA,25107200,25107200,TRUE
8061074:1,21101400,21101400,3,3,0,NA,21101400,21101400,TRUE
8061077:1,11914100,11914100,3,3,0,NA,11914100,11914100,TRUE
8061085:1,43303100,43303100,1,2,1,1,43309900,13205200,TRUE
8061086:1,31909200,31909200,3,3,0,NA,31909200,31909200,TRUE
8061096:1,43601300,31909100,3,3,0,NA,31909100,31909100,FALSE
8061104:1,41302100,41302100,3,3,0,NA,41302100,41302100,TRUE
8061118:1,31909700,31909700,3,3,0,NA,31909700,31909700,TRUE
8061121:1,15115100,15115100,1,2,1,1,15115100,49209700,TRUE
8061131:1,41201100,41201100,3,3,0,NA,41201100,41201100,TRUE
8061157:1,43902100,43902100,1,2,0,NA,43902100,43902100,TRUE
8061186:1,11302100,11302100,2,3,0,NA,11302100,11302100,TRUE
8061207:1,27102400,27102400,3,3,0,NA,27102400,27102400,TRUE
8071002:1,43601400,43601400,2,3,1,2,43601400,43601300,TRUE
8071018:1,53303200,53303200,3,3,0,NA,53303200,53303200,TRUE
8071021:1,29114100,29114100,3,3,0,NA,29114100,29114100,TRUE
8071022:1,13105100,13105100,3,3,0,NA,13105100,13105100,TRUE
8071023:1,11911100,11911100,1,3,1,1,11102100,11912100,TRUE
8071026:1,11102100,11102100,1,1,0,NA,11102100,11102100,TRUE
8071058:1,25202100,25202100,3,2,0,NA,25202100,25202100,TRUE
8071068:1,15113300,15113300,2,2,1,2,15113300,15114300,TRUE
8071074:1,43908100,43908100,3,2,0,NA,43908100,43908100,TRUE
8071079:1,25403100,25403100,3,2,1,3,25403100,43412100,TRUE
8071090:1,15115100,15115100,2,1,1,2,15115100,15115200,TRUE
8071091:1,11904100,11904100,3,2,0,NA,11904100,11904100,TRUE
8071112:1,43416100,43416100,3,2,1,3,13107100,43904102,TRUE
8071142:1,35201100,35201100,3,2,1,2,35201100,35101100,TRUE
8071176:1,41401200,41401200,1,2,1,1,41401200,41909900,TRUE
8071180:1,13103101,13103101,2,1,0,NA,13103101,13103101,TRUE
8071184:1,11903300,13201101,1,1,1,1,13201101,11903300,FALSE
8081007:1,33902100,33902100,2,3,1,2,33902100,33302101,TRUE
8081023:1,13203100,13203100,2,2,1,2,13203100,13205100,TRUE
8081024:1,11914100,11914100,1,2,0,NA,11914100,11914100,TRUE
8081063:1,35304100,35304100,2,2,0,NA,35304100,35304100,TRUE
8081064:1,53303200,53303200,3,3,0,NA,53303200,53303200,TRUE
8081068:1,11312100,11312100,2,3,1,2,11312100,43305100,TRUE
8081074:1,29114100,29114100,3,3,0,NA,29114100,29114100,TRUE
8081078:1,27303100,27303100,1,3,1,1,27303100,13112100,TRUE
8081089:1,43506100,43506100,1,2,1,1,43506100,13108102,TRUE
8081103:1,51412106,51412106,3,3,0,NA,51412106,51412106,TRUE
8081116:1,53303200,53303200,3,3,0,NA,53303200,53303200,TRUE
8081131:1,29112700,29112700,3,3,0,NA,29112700,29112700,TRUE
8081157:1,43101100,43101100,2,2,1,2,43101100,11102100,TRUE
8081189:1,41909900,11202100,1,2,1,1,15119908,11202100,FALSE
8081203:1,43405100,43405100,3,3,0,NA,43405100,43405100,TRUE
9097001:1,13119906,13119906,1,1,1,1,13119906,13102100,TRUE
9097002:1,11303101,11303101,1,3,1,2,13201101,11303101,TRUE
9097009:1,15113300,15113300,2,2,1,2,15113200,15113300,TRUE
9097010:1,11303101,11303101,2,3,0,NA,11303101,11303101,TRUE
9097011:1,11305101,11305101,1,2,1,1,11305101,17302900,TRUE
9097012:1,11102100,11102100,1,3,0,NA,11102100,11102100,TRUE
9097013:1,19309400,19309400,1,2,0,NA,19309400,19309400,TRUE
9097014:1,11302100,11302100,1,2,1,1,15114200,15119909,TRUE
9097017:1,31909200,31909200,3,3,0,NA,31909200,31909200,TRUE
9097021:1,13111100,13111100,3,2,1,2,13111100,13205100,TRUE
9097023:1,43902200,43902200,3,3,1,2,43902200,43601200,TRUE
9097026:1,41401200,41401200,NA,2,1,1,NA,41401200,TRUE
9097027:1,21202100,21202100,3,3,0,NA,21202100,21202100,TRUE
9097031:1,19204102,19204102,3,2,0,NA,19204102,19204102,TRUE
9097032:1,35202100,35202100,3,3,1,1,43508103,41101100,TRUE
9097033:1,13207200,13207200,2,2,0,NA,13207200,13207200,TRUE
9097034:1,13103101,13103102,3,3,1,3,13103102,13103101,FALSE
9097036:1,15119908,43508103,2,3,1,3,15119908,13111100,FALSE
9097039:1,25105200,25105200,1,2,1,2,25105200,25101100,TRUE
9097040:1,11911100,11911100,2,1,1,1,43906100,11911100,TRUE
9097042:1,29114104,29114104,2,2,1,2,29114104,29114100,TRUE
9097044:1,27102700,27102700,2,3,0,NA,27102700,27102700,TRUE
9097045:1,17214100,17214100,2,1,1,1,17214100,17302902,TRUE
9097046:1,43303100,43303100,3,3,0,NA,43303100,43303100,TRUE
9097050:1,25106600,25106600,3,3,0,NA,25106600,25106600,TRUE
9097051:1,43405100,43405100,3,3,0,NA,43405100,43405100,TRUE
9097057:1,13115100,13115100,2,2,1,2,11313100,13111100,TRUE
9107064:1,29901100,29901100,2,3,1,2,11312100,29901200,TRUE
9107069:1,25904100,25205200,2,3,0,NA,25205200,25205200,FALSE
9107075:1,11101100,11101100,2,1,0,NA,11101100,11101100,TRUE
9107077:1,25202200,25202200,2,3,1,2,25202200,25302100,TRUE
9107080:1,39501200,39501200,3,3,0,NA,39501200,39501200,TRUE
9107086:1,41902100,41902100,3,3,1,3,41902200,41902100,TRUE
9107089:1,29114100,29114100,3,3,0,NA,29114100,29114100,TRUE
9107091:1,43601100,43601100,3,3,0,NA,43601100,43601100,TRUE
9107095:1,53303300,53303300,3,3,0,NA,53303300,53303300,TRUE
9107096:1,51408100,51408100,NA,2,1,1,NA,51408100,TRUE
9107101:1,15119908,15119908,1,1,1,1,11202200,13205100,TRUE
9107103:1,11102100,11102100,1,2,1,1,11202200,11101100,TRUE
9107104:1,51603100,51603100,2,3,1,3,51605100,51603100,TRUE
9107105:1,51209200,51209200,2,2,0,NA,51209200,51209200,TRUE
9107107:1,39902100,39902100,2,3,1,3,31101500,39902100,TRUE
9107110:1,11903100,13107100,2,2,1,1,11312100,43305100,FALSE
9107114:1,29205200,29205200,3,3,0,NA,29205200,29205200,TRUE
9107115:1,43906100,43906100,2,3,1,1,11301100,11102100,TRUE
9107117:1,25202100,25202100,3,3,1,3,25202100,25302100,TRUE
9107126:1,21201100,21201100,3,3,0,NA,21201100,21201100,TRUE
9107129:1,13202102,13202102,3,3,0,NA,13202102,13202102,TRUE
9107132:1,29114100,29114100,3,3,0,NA,29114100,29114100,TRUE
9107144:1,51101100,51101100,2,2,1,2,51101100,51209200,TRUE
9107152:1,25202100,25202100,3,3,0,NA,25202100,25202100,TRUE
9107154:1,11102100,13107100,1,2,1,1,13107100,11102100,FALSE
9107157:1,11902100,11902100,2,2,1,3,11902100,11305100,TRUE
9107159:1,15115100,15115100,3,2,0,NA,15115100,15115100,TRUE
9107160:1,11101100,11101100,2,3,1,2,11102100,11101100,TRUE
9107162:1,29205200,29205200,3,2,1,3,29205200,29105100,TRUE
9107163:1,43404102,43906100,2,2,1,1,43906100,43404102,FALSE
9107171:1,43405100,39902100,3,3,1,3,39902100,31909200,FALSE
9107172:1,43601100,43601100,3,2,1,3,43601100,11903300,TRUE
9107173:1,43101100,43101100,1,2,1,2,43101100,13207200,TRUE
9107174:1,41302100,41302100,3,2,0,NA,41302100,41302100,TRUE
9107177:1,11102100,11102100,1,2,1,1,13107100,11102100,TRUE
9107181:1,31909300,31909300,2,2,0,NA,31909300,31909300,TRUE
9107182:1,17207100,43405100,3,2,0,NA,43405100,43405100,FALSE
9107183:1,11307102,11307102,3,3,0,NA,11307102,11307102,TRUE
9107185:1,43302102,43302102,3,2,0,NA,43302102,43302102,TRUE
9107193:1,41301100,41301100,2,2,1,2,41301100,17204100,TRUE
9107198:1,43601400,43601400,3,2,0,NA,43601400,43601400,TRUE
9107200:1,43906100,43906100,1,1,0,NA,43906100,43906100,TRUE
9107205:1,11303101,13201101,2,2,1,1,43303100,13201101,FALSE
9107206:1,45101108,45101108,2,3,1,2,11901302,45209202,TRUE
9107212:1,37101100,37101100,2,2,1,3,13107100,51101100,TRUE
9107213:1,41201100,41201100,2,3,0,NA,41201100,41201100,TRUE
9107215:1,13208100,13208100,3,3,0,NA,13208100,13208100,TRUE
9107216:1,31909100,31909100,3,3,0,NA,31909100,31909100,TRUE
9107217:1,41401200,41401200,2,2,1,2,41401100,41401200,TRUE
9107222:1,29114100,29114100,3,3,0,NA,29114100,29114100,TRUE
9107223:1,29112500,39901100,3,2,1,2,39901100,25205200,FALSE
9107231:1,23201100,23201100,3,3,0,NA,23201100,23201100,TRUE
9107233:1,43305100,43305100,3,2,1,3,43305100,11303101,TRUE
9107235:1,39902100,39902100,1,2,1,1,39902100,53302200,TRUE
9107237:1,11303102,11303102,1,2,1,1,11301100,11303102,TRUE
9107238:1,49901100,49901100,2,1,1,1,49901100,49907100,TRUE
9107239:1,11202200,11202200,2,2,1,1,41401200,11202200,TRUE
9107241:1,49904100,49904100,2,2,1,2,49907100,49302302,TRUE
9107244:1,43303100,43303100,3,3,0,NA,43303100,43303100,TRUE
9107247:1,29114100,29114100,3,3,0,NA,29114100,29114100,TRUE
9107250:1,39903100,39903100,2,2,0,NA,39903100,39903100,TRUE
9107256:1,11202200,11202200,2,2,0,NA,11202200,11202200,TRUE
9107261:1,25309900,25309900,3,3,0,NA,25203100,25202200,TRUE
9107262:1,47203101,47203101,2,3,1,2,47206100,47203101,TRUE
9107269:1,43405100,43405100,2,3,1,2,43906100,43405100,TRUE
9107274:1,43502100,43502100,1,2,1,1,43502100,53303100,TRUE
9107276:1,11905100,11905100,1,2,0,NA,11905100,11905100,TRUE
9107280:1,11301100,11301100,1,2,0,NA,11301100,11301100,TRUE
9107281:1,35303100,35303100,3,3,1,2,35304100,35303100,TRUE
9107289:1,11301100,11301100,2,3,0,NA,11301100,11301100,TRUE
9107290:1,51209200,51209200,2,2,0,NA,51209200,51209200,TRUE
9107292:1,29206100,31909200,3,2,0,NA,31909200,31909200,FALSE
9107295:1,31909400,31909400,3,3,0,NA,31909400,31909400,TRUE
9107307:1,53303200,53303200,3,3,0,NA,53303200,53303200,TRUE
9107309:1,47203101,47203101,3,3,0,NA,47203101,47203101,TRUE
9107318:1,29106500,29106500,3,3,0,NA,29106500,29106500,TRUE
9107319:1,41304100,41304100,3,3,0,NA,41304100,41304100,TRUE
9107321:1,51403400,51403400,2,3,1,2,51403400,11305100,TRUE
9107325:1,11305100,11305100,1,1,1,1,11305100,17212102,TRUE
9107337:1,37201100,37201100,3,3,0,NA,37201100,37201100,TRUE
9107339:1,43906100,43906100,1,1,1,1,43906100,43101100,TRUE
9107342:1,43405100,35201100,2,2,1,2,35202100,35302100,FALSE
9107348:1,25203100,25203100,3,3,0,NA,25203100,25203100,TRUE
9107349:1,17204100,17204100,3,3,0,NA,17204100,17204100,TRUE
9107353:1,37201200,37201200,3,3,0,NA,37201200,37201200,TRUE
9107356:1,29204100,29204100,3,3,0,NA,29204100,29204100,TRUE
9107357:1,49309100,49309100,2,1,1,1,49309100,51919900,TRUE
9107359:1,25904100,21101200,1,3,1,1,21101200,25904100,FALSE
9107367:1,35302100,35302100,2,2,1,2,35201900,35302100,TRUE
9107371:1,37301100,37301100,2,3,1,2,37301100,49907100,TRUE
9117373:1,43307100,43307100,3,3,0,NA,43307100,43307100,TRUE
9117376:1,11901301,11901301,3,2,1,2,11901302,11901301,TRUE
9117382:1,43302102,43302102,1,3,1,1,29207100,43302102,TRUE
9117384:1,25202200,25202200,3,2,0,NA,25202200,25202200,TRUE
9117396:1,43601100,11102100,2,2,1,1,43601100,11102100,FALSE
9117399:1,39501100,39501100,3,3,0,NA,39501100,39501100,TRUE
9117400:1,15113300,15113300,3,2,0,NA,15113300,15113300,TRUE
9117402:1,53705100,53705100,1,3,0,NA,53705100,53705100,TRUE
9117414:1,11303102,11303102,1,3,1,1,43906100,11303102,TRUE
9117421:1,27102400,27102400,3,3,0,NA,27102400,27102400,TRUE
9117424:1,29102100,29102100,3,3,0,NA,29102100,29102100,TRUE
9117425:1,43417100,43417100,3,3,0,NA,43417100,43417100,TRUE
9117430:1,11102100,45209202,1,2,1,3,11303102,13208200,FALSE
9117432:1,43906100,43906100,1,1,1,1,43906100,43902100,TRUE
9117445:1,51202200,51202200,1,2,1,1,51202200,17207100,TRUE
9117448:1,23101100,23101100,3,3,0,NA,23101100,23101100,TRUE
9117450:1,29114100,29114100,3,3,0,NA,29114100,29114100,TRUE
9117452:1,43418100,47203101,2,1,1,2,21101200,13207101,FALSE
9117454:1,41302100,41302100,3,3,0,NA,41302100,41302100,TRUE
9117456:1,11101100,11101100,3,3,1,2,11101100,11102100,TRUE
9117465:1,29112200,29112200,3,3,0,NA,29112200,29112200,TRUE
9117466:1,25302100,25302100,1,2,1,1,41909100,25119400,TRUE
9117469:1,47221100,47221100,3,3,1,3,47221100,47222100,TRUE
9117470:1,29114104,29114104,3,2,1,3,29114104,29114100,TRUE
9117473:1,39202100,39202100,1,3,1,1,39202100,45101108,TRUE
9117485:1,51301100,51301100,3,3,0,NA,51301100,51301100,TRUE
,,,,,,,,,210
